"hanzi","pinyin","bucket","hsk","freq","correct","incorrect","total","accuracy"
"游","yóu","Bidaily","2","695","1","0","1","100"
"妻","qī","Bidaily","2","1076","1","0","1","100"
"位","wèi","Bidaily","3","182","1","0","1","100"
"解","jiě","Daily","3","201","0","1","1","0"
"决","jué","Bidaily","3","273","1","0","1","100"
"据","jù","Bidaily","3","313","0","0","0",""
"极","jí","Bidaily","3","363","0","0","0",""
"越","yuè","Bidaily","3","440","1","0","1","100"
"史","shǐ","Bidaily","3","456","1","0","1","100"
"查","chá","Bidaily","3","459","0","0","0",""
"除","chú","Bidaily","3","464","2","0","2","100"
"较","jiào","Bidaily","3","491","1","0","1","100"
"选","xuǎn","Bidaily","3","499","1","0","1","100"
"料","liào","Bidaily","3","557","3","0","3","100"
"段","duàn","Bidaily","3","567","0","0","0",""
"害","hài","Bidaily","3","579","1","0","1","100"
"境","jìng","Bidaily","3","582","2","0","2","100"
"刻","kè","Bidaily","3","618","2","0","2","100"
"假","jiǎ","Bidaily","3","636","1","0","1","100"
"担","dān","Daily","3","720","2","1","3","67"
"检","jiǎn","Daily","3","731","1","1","2","50"
"差","chà","Bidaily","3","732","1","0","1","100"
"铁","tiě","Bidaily","3","779","0","0","0",""
"顾","gù","Bidaily","3","815","0","0","0",""
"短","duǎn","Bidaily","3","889","1","0","1","100"
"遇","yù","Bidaily","3","899","0","0","0",""
"康","kāng","Bidaily","3","900","0","0","0",""
"春","chūn","Bidaily","3","921","1","0","1","100"
"附","fù","Bidaily","3","923","0","0","0",""
"择","zé","Bidaily","3","961","0","0","0",""
"健","jiàn","Bidaily","3","979","1","0","1","100"
"借","jiè","Bidaily","3","984","1","0","1","100"
"束","shù","Bidaily","3","998","0","0","0",""
"练","liàn","Bidaily","3","1005","1","0","1","100"
"嘴","zuǐ","Bidaily","3","1010","0","0","0",""
"戏","xì","Bidaily","3","1033","0","0","0",""
"盘","pán","Bidaily","3","1049","0","0","0",""
"忘","wàng","Bidaily","3","1056","0","0","0",""
"赛","sài","Bidaily","3","1064","0","0","0",""
"趣","qù","Bidaily","3","1065","1","0","1","100"
"迎","yíng","Bidaily","3","1069","1","0","1","100"
"街","jiē","Bidaily","3","1101","0","0","0",""
"夏","xià","Bidaily","3","1126","0","0","0",""
"秋","qiū","Bidaily","3","1151","0","0","0",""
"烧","shāo","Bidaily","3","1201","1","0","1","100"
"惯","guàn","Bidaily","3","1226","1","0","1","100"
"季","jì","Bidaily","3","1279","1","0","1","100"
"鼻","bí","Bidaily","3","1335","0","0","0",""
"腿","tuǐ","Bidaily","3","1351","0","0","0",""
"净","jìng","Bidaily","3","1377","0","0","0",""
"绩","jī","Bidaily","3","1547","1","0","1","100"
"鞋","xié","Bidaily","3","1638","0","0","0",""
"邻","lín","Bidaily","3","1659","1","0","1","100"
"瓶","píng","Bidaily","3","1703","0","0","0",""
"疼","téng","Bidaily","3","1710","1","0","1","100"
"帽","mào","Bidaily","3","1750","1","0","1","100"
"炼","liàn","Bidaily","3","1763","0","0","0",""
"搬","bān","Bidaily","3","1766","0","0","0",""
"刷","shuā","Bidaily","3","1824","0","0","0",""
"瘦","shòu","Bidaily","3","1841","1","0","1","100"
"聊","liáo","Bidaily","3","1932","1","0","1","100"
"碗","wǎn","Bidaily","3","1939","0","0","0",""
"渴","kě","Bidaily","3","1972","0","0","0",""
"甜","tián","Bidaily","3","2020","0","0","0",""
"矮","ǎi","Bidaily","3","2027","0","0","0",""
"裤","kù","Bidaily","3","2090","1","0","1","100"
"衫","shān","Bidaily","3","2153","0","0","0",""
"刮","guā","Bidaily","3","2350","1","0","1","100"
"糕","gāo","Bidaily","3","2413","0","0","0",""
"裙","qún","Bidaily","3","2431","0","0","0",""
"衬","chèn","Bidaily","3","2502","2","0","2","100"
"锻","duàn","Daily","3","2531","1","0","1","100"
"蕉","jiāo","Bidaily","3","3104","0","0","0",""
"部","bù","Bidaily","4","84","1","0","1","100"
"无","wú","Bidaily","4","105","2","0","2","100"
"民","mín","Bidaily","4","113","0","0","0",""
"此","cǐ","Bidaily","4","116","1","0","1","100"
"使","shǐ","Bidaily","4","119","2","0","2","100"
"将","jiāng","Bidaily","4","132","1","0","1","100"
"利","lì","Bidaily","4","155","0","0","0",""
"度","dù","Bidaily","4","184","1","0","1","100"
"任","rèn","Bidaily","4","186","3","0","3","100"
"通","tōng","Bidaily","4","190","1","0","1","100"
"原","yuán","Bidaily","4","193","1","0","1","100"
"及","jí","Bidaily","4","198","0","0","0",""
"尔","ěr","Bidaily","4","220","1","0","1","100"
"何","hé","Bidaily","4","229","1","0","1","100"
"受","shòu","Bidaily","4","238","1","0","1","100"
"建","jiàn","Bidaily","4","244","1","0","1","100"
"计","jì","Bidaily","4","251","0","0","0",""
"管","guǎn","Bidaily","4","252","1","0","1","100"
"资","zī","Bidaily","4","257","2","0","2","100"
"命","mìng","Bidaily","4","258","1","0","1","100"
"指","zhǐ","Bidaily","4","261","1","0","1","100"
"克","kè","Bidaily","4","262","1","0","1","100"
"保","bǎo","Daily","4","266","1","1","2","50"
"至","zhì","Bidaily","4","267","1","0","1","100"
"社","shè","Bidaily","4","270","0","0","0",""
"展","zhǎn","Bidaily","4","275","1","0","1","100"
"科","kē","Bidaily","4","277","1","0","1","100"
"基","jī","Bidaily","4","280","1","0","1","100"
"则","zé","Daily","4","284","0","0","0",""
"却","què","Bidaily","4","287","1","0","1","100"
"光","guāng","Bidaily","4","290","1","0","1","100"
"即","jí","Bidaily","4","293","1","0","1","100"
"象","xiàng","Daily","4","300","1","1","2","50"
"式","shì","Bidaily","4","303","0","0","0",""
"程","chéng","Daily","4","314","2","0","2","100"
"交","jiāo","Bidaily","4","320","1","0","1","100"
"规","guī","Bidaily","4","321","0","0","0",""
"取","qǔ","Bidaily","4","323","1","0","1","100"
"术","shù","Bidaily","4","328","0","0","0",""
"确","què","Daily","4","331","0","0","0",""
"传","chuán","Bidaily","4","332","0","0","0",""
"观","guān","Bidaily","4","334","0","0","0",""
"导","dǎo","Bidaily","4","343","1","0","1","100"
"改","gǎi","Bidaily","4","350","1","0","1","100"
"收","shōu","Bidaily","4","351","0","0","0",""
"言","yán","Bidaily","4","355","1","0","1","100"
"联","lián","Bidaily","4","356","1","0","1","100"
"持","chí","Bidaily","4","357","1","0","1","100"
"济","jì","Bidaily","4","360","0","0","0",""
"士","shì","Bidaily","4","372","1","0","1","100"
"证","zhèng","Daily","4","373","1","1","2","50"
"失","shī","Bidaily","4","375","1","0","1","100"
"转","zhuǎn","Bidaily","4","376","1","0","1","100"
"具","jù","Bidaily","4","391","1","0","1","100"
"流","liú","Bidaily","4","396","0","0","0",""
"深","shēn","Daily","4","401","1","0","1","100"
"质","zhì","Bidaily","4","404","1","0","1","100"
"价","jià","Bidaily","4","409","0","0","0",""
"整","zhěng","Bidaily","4","416","0","0","0",""
"况","kuàng","Bidaily","4","419","0","0","0",""
"技","jì","Daily","4","422","1","0","1","100"
"际","jì","Daily","4","423","0","1","1","0"
"约","yuē","Bidaily","4","424","1","0","1","100"
"示","shì","Bidaily","4","425","0","0","0",""
"究","jiū","Bidaily","4","429","0","0","0",""
"线","xiàn","Bidaily","4","430","0","0","0",""
"精","jīng","Bidaily","4","435","0","0","0",""
"支","zhī","Bidaily","4","437","1","0","1","100"
"消","xiāo","Bidaily","4","439","1","0","1","100"
"增","zēng","Daily","4","446","0","0","0",""
"研","yán","Bidaily","4","447","0","0","0",""
"功","gōng","Bidaily","4","452","0","0","0",""
"标","biāo","Bidaily","4","473","0","0","0",""
"谈","tán","Bidaily","4","474","0","0","0",""
"引","yǐn","Bidaily","4","479","1","0","1","100"
"首","shǒu","Bidaily","4","481","1","0","1","100"
"局","jú","Bidaily","4","483","1","0","1","100"
"专","zhuān","Bidaily","4","485","0","0","0",""
"费","fèi","Bidaily","4","486","1","0","1","100"
"尽","jǐn","Daily","4","488","0","0","0",""
"仅","jǐn","Daily","4","494","1","0","1","100"
"落","luò","Bidaily","4","496","0","0","0",""
"随","suí","Daily","4","498","0","0","0",""
"列","liè","Bidaily","4","500","0","0","0",""
"推","tuī","Bidaily","4","505","0","0","0",""
"众","zhòng","Bidaily","4","510","1","0","1","100"
"案","àn","Bidaily","4","518","0","0","0",""
"划","huà","Bidaily","4","522","1","0","1","100"
"律","lǜ","Bidaily","4","526","0","0","0",""
"态","tài","Bidaily","4","528","0","0","0",""
"验","yàn","Daily","4","534","0","1","1","0"
"责","zé","Daily","4","535","3","0","3","100"
"志","zhì","Bidaily","4","542","1","0","1","100"
"底","dǐ","Bidaily","4","543","0","0","0",""
"严","yán","Daily","4","545","1","0","1","100"
"例","lì","Bidaily","4","547","0","0","0",""
"族","zú","Bidaily","4","549","0","0","0",""
"供","gōng","Daily","4","550","1","0","1","100"
"效","xiào","Daily","4","551","0","0","0",""
"续","xù","Daily","4","552","0","1","1","0"
"绝","jué","Daily","4","562","0","0","0",""
"察","chá","Daily","4","564","0","0","0",""
"批","pī","Bidaily","4","569","2","0","2","100"
"围","wéi","Bidaily","4","576","0","0","0",""
"江","jiāng","Bidaily","4","577","0","0","0",""
"纪","jì","Daily","4","584","0","0","0",""
"举","jǔ","Bidaily","4","586","1","0","1","100"
"密","mì","Bidaily","4","591","0","0","0",""
"低","dī","Bidaily","4","592","1","0","1","100"
"止","zhǐ","Bidaily","4","596","1","0","1","100"
"细","xì","Bidaily","4","597","0","0","0",""
"值","zhí","Bidaily","4","600","0","0","0",""
"仍","réng","Daily","4","601","0","0","0",""
"职","zhí","Daily","4","616","0","0","0",""
"速","sù","Daily","4","617","1","0","1","100"
"否","fǒu","Bidaily","4","620","1","0","1","100"
"甚","shén","Daily","4","626","1","0","1","100"
"普","pǔ","Daily","4","630","1","1","2","50"
"弹","dàn","Bidaily","4","632","0","0","0",""
"印","yìn","Daily","4","640","0","1","1","0"
"预","yù","Bidaily","4","647","0","0","0",""
"微","wēi","Bidaily","4","653","1","0","1","100"
"继","jì","Daily","4","655","1","0","1","100"
"惊","jīng","Bidaily","4","659","0","0","0",""
"适","shì","Daily","4","663","0","0","0",""
"省","shěng","Bidaily","4","666","0","0","0",""
"卫","wèi","Bidaily","4","669","0","0","0",""
"险","xiǎn","Bidaily","4","672","1","0","1","100"
"排","pái","Weekly","4","682","0","0","0",""
"福","fú","Bidaily","4","683","1","0","1","100"
"警","jǐng","Daily","4","687","0","0","0",""
"获","huò","Daily","4","688","0","0","0",""
"负","fù","Daily","4","691","1","1","2","50"
"停","tíng","Bidaily","4","693","1","0","1","100"
"疑","yí","Daily","4","698","2","0","2","100"
"竟","jìng","Daily","4","706","0","0","0",""
"激","jī","Daily","4","710","0","0","0",""
"演","yǎn","Daily","4","715","0","0","0",""
"判","pàn","Bidaily","4","719","1","0","1","100"
"既","jì","Daily","4","724","0","0","0",""
"积","jī","Bidaily","4","728","1","0","1","100"
"富","fù","Bidaily","4","733","0","0","0",""
"占","zhàn","Bidaily","4","737","0","0","0",""
"修","xiū","Daily","4","740","0","0","0",""
"降","jiàng","Daily","4","744","0","0","0",""
"坚","jiān","Daily","4","748","0","0","0",""
"免","miǎn","Daily","4","755","1","0","1","100"
"压","yā","Daily","4","756","1","0","1","100"
"养","yǎng","Daily","4","760","0","0","0",""
"怀","huái","Bidaily","4","762","0","0","0",""
"乱","luàn","Bidaily","4","765","1","0","1","100"
"航","háng","Daily","4","773","1","0","1","100"
"优","yōu","Bidaily","4","774","0","0","0",""
"著","zhe","Bidaily","4","777","0","0","0",""
"份","fèn","Daily","4","784","1","0","1","100"
"艺","yì","Daily","4","786","0","0","0",""
"概","gài","Daily","4","791","0","0","0",""
"敢","gǎn","Daily","4","795","1","0","1","100"
"户","hù","Bidaily","4","801","1","0","1","100"
"洋","yáng","Daily","4","803","1","0","1","100"
"款","kuǎn","Daily","4","807","1","0","1","100"
"评","píng","Daily","4","809","2","0","2","100"
"座","zuò","Bidaily","4","812","0","0","0",""
"释","shì","Daily","4","813","1","1","2","50"
"景","jǐng","Daily","4","814","0","0","0",""
"登","dēng","Daily","4","817","0","0","0",""
"货","huò","Daily","4","818","0","0","0",""
"互","hù","Daily","4","819","0","0","0",""
"付","fù","Daily","4","820","1","0","1","100"
"危","wēi","Daily","4","826","0","0","0",""
"讨","tǎo","Daily","4","833","0","0","0",""
"丽","lì","Bidaily","4","834","1","0","1","100"
"序","xù","Daily","4","836","3","0","3","100"
"永","yǒng","Daily","4","842","0","0","0",""
"呼","hū","Daily","4","843","2","0","2","100"
"味","wèi","Daily","4","844","1","0","1","100"
"沙","shā","Daily","4","848","1","0","1","100"
"掉","diào","Daily","4","849","0","0","0",""
"杂","zá","Daily","4","853","1","0","1","100"
"误","wù","Daily","4","854","1","0","1","100"
"减","jiǎn","Daily","4","857","1","0","1","100"
"肯","kěn","Daily","4","860","1","0","1","100"
"败","bài","Daily","4","862","0","0","0",""
"梦","mèng","Daily","4","865","1","0","1","100"
"散","sàn","Daily","4","866","1","0","1","100"
"温","wēn","Daily","4","867","1","0","1","100"
"困","kùn","Daily","4","868","2","0","2","100"
"封","fēng","Daily","4","871","0","0","0",""
"缺","quē","Daily","4","875","1","0","1","100"
"恐","kǒng","Daily","4","891","1","0","1","100"
"松","sōng","Daily","4","895","1","0","1","100"
"虑","lǜ","Daily","4","901","1","0","1","100"
"幸","xìng","Daily","4","902","0","0","0",""
"赶","gǎn","Daily","4","908","0","0","0",""
"剧","jù","Daily","4","909","0","0","0",""
"叶","yè","Daily","4","920","1","0","1","100"
"吸","xī","Daily","4","924","2","0","2","100"
"呀","ya","Daily","4","929","1","0","1","100"
"顺","shùn","Daily","4","938","1","0","1","100"
"输","shū","Daily","4","939","0","0","0",""
"招","zhāo","Daily","4","941","1","0","1","100"
"脱","tuō","Daily","4","943","1","0","1","100"
"油","yóu","Daily","4","948","0","0","0",""
"材","cái","Daily","4","952","1","0","1","100"
"博","bó","Daily","4","965","2","0","2","100"
"烟","yān","Daily","4","967","0","0","0",""
"授","shòu","Daily","4","968","1","0","1","100"
"禁","jìn","Daily","4","986","0","0","0",""
"孙","sūn","Daily","4","995","0","0","0",""
"篇","piān","Daily","4","1008","1","0","1","100"
"遍","biàn","Daily","4","1012","1","1","2","50"
"础","chǔ","Daily","4","1014","0","0","0",""
"翻","fān","Daily","4","1027","0","0","0",""
"森","sēn","Daily","4","1029","0","0","0",""
"新","xīn","Weekly","2","161","0","0","0",""
"报","bào","Weekly","2","234","0","0","0",""
"便","biàn","Weekly","2","271","0","0","0",""
"思","sī","Weekly","2","298","0","0","0",""
"色","sè","Weekly","2","304","0","0","0",""
"望","wàng","Weekly","2","326","0","0","0",""
"远","yuǎn","Weekly","2","386","0","0","0",""
"备","bèi","Weekly","2","397","0","0","0",""
"息","xī","Weekly","2","428","0","0","0",""
"希","xī","Weekly","2","508","0","0","0",""
"房","fáng","Weekly","2","512","0","0","0",""
"孩","hái","Weekly","2","533","0","0","0",""
"错","cuò","Weekly","2","638","0","0","0",""
"试","shì","Weekly","2","643","0","0","0",""
"药","yào","Weekly","2","662","0","0","0",""
"旅","lǚ","Weekly","2","950","0","0","0",""
"旁","páng","Weekly","2","981","0","0","0",""
"休","xiū","Weekly","2","1082","0","0","0",""
"舞","wǔ","Weekly","2","1144","0","0","0",""
"懂","dǒng","Weekly","2","1211","0","0","0",""
"洗","xǐ","Weekly","2","1247","0","0","0",""
"泳","yǒng","Weekly","2","2607","0","0","0",""
"其","qí","Weekly","3","85","0","0","0",""
"实","shí","Weekly","3","100","0","0","0",""
"者","zhě","Weekly","3","103","0","0","0",""
"物","wù","Weekly","3","142","0","0","0",""
"相","xiāng","Weekly","3","152","0","0","0",""
"或","huò","Weekly","3","160","0","0","0",""
"特","tè","Weekly","3","173","0","0","0",""
"化","huà","Weekly","3","178","0","0","0",""
"世","shì","Weekly","3","181","0","0","0",""
"声","shēng","Weekly","3","195","0","0","0",""
"变","biàn","Weekly","3","225","0","0","0",""
"结","jié","Weekly","3","236","0","0","0",""
"感","gǎn","Weekly","3","243","0","0","0",""
"接","jiē","Weekly","3","247","0","0","0",""
"必","bì","Weekly","3","248","0","0","0",""
"直","zhí","Weekly","3","255","0","0","0",""
"界","jiè","Weekly","3","288","0","0","0",""
"像","xiàng","Weekly","3","294","0","0","0",""
"记","jì","Weekly","3","306","0","0","0",""
"南","nán","Weekly","3","307","0","0","0",""
"清","qīng","Weekly","3","335","0","0","0",""
"根","gēn","Weekly","3","352","0","0","0",""
"办","bàn","Weekly","3","367","0","0","0",""
"议","yì","Weekly","3","368","0","0","0",""
"单","dān","Weekly","3","389","0","0","0",""
"调","diào, tiáo","Weekly","3","400","0","0","0",""
"需","xū","Weekly","3","408","0","0","0",""
"城","chéng","Weekly","3","413","0","0","0",""
"复","fù","Weekly","3","426","0","0","0",""
"满","mǎn","Weekly","3","436","0","0","0",""
"容","róng","Weekly","3","442","0","0","0",""
"须","xū","Weekly","3","444","0","0","0",""
"乎","hū","Weekly","3","458","0","0","0",""
"轻","qīng","Weekly","3","460","0","0","0",""
"阿","ā","Weekly","3","471","0","0","0",""
"李","lǐ","Weekly","3","472","0","0","0",""
"图","tú","Weekly","3","476","0","0","0",""
"历","lì","Weekly","3","480","0","0","0",""
"突","tū","Weekly","3","484","0","0","0",""
"周","zhōu","Weekly","3","490","0","0","0",""
"注","zhù","Weekly","3","492","0","0","0",""
"响","xiǎng","Weekly","3","503","0","0","0",""
"参","cān","Weekly","3","507","0","0","0",""
"护","hù","Weekly","3","529","0","0","0",""
"音","yīn","Weekly","3","540","0","0","0",""
"跟","gēn","Weekly","3","541","0","0","0",""
"留","liú","Weekly","3","554","0","0","0",""
"终","zhōng","Weekly","3","558","0","0","0",""
"黄","huáng","Weekly","3","561","0","0","0",""
"奇","qí","Weekly","3","563","0","0","0",""
"愿","yuàn","Weekly","3","598","0","0","0",""
"网","wǎng","Weekly","3","605","0","0","0",""
"育","yù","Weekly","3","609","0","0","0",""
"船","chuán","Weekly","3","614","0","0","0",""
"脸","liǎn","Weekly","3","615","0","0","0",""
"刚","gāng","Weekly","3","621","0","0","0",""
"般","bān","Weekly","3","629","0","0","0",""
"怕","pà","Weekly","3","631","0","0","0",""
"久","jiǔ","Weekly","3","637","0","0","0",""
"拿","ná","Weekly","3","645","0","0","0",""
"阳","yáng","Weekly","3","650","0","0","0",""
"急","jí","Weekly","3","657","0","0","0",""
"居","jū","Weekly","3","678","0","0","0",""
"环","huán","Weekly","3","681","0","0","0",""
"层","céng","Weekly","3","699","0","0","0",""
"卡","kǎ","Weekly","3","717","0","0","0",""
"静","jìng","Weekly","3","722","0","0","0",""
"角","jiǎo","Weekly","3","736","0","0","0",""
"啊","a","Weekly","3","753","0","0","0",""
"超","chāo","Weekly","3","754","0","0","0",""
"银","yín","Weekly","3","757","0","0","0",""
"怪","guài","Weekly","3","775","0","0","0",""
"脚","jiǎo","Weekly","3","790","0","0","0",""
"酒","jiǔ","Weekly","3","797","0","0","0",""
"换","huàn","Weekly","3","824","0","0","0",""
"闻","wén","Weekly","3","825","0","0","0",""
"坏","huài","Weekly","3","832","0","0","0",""
"楚","chǔ","Weekly","3","859","0","0","0",""
"楼","lóu","Weekly","3","876","0","0","0",""
"旧","jiù","Weekly","3","915","0","0","0",""
"礼","lǐ","Weekly","3","926","0","0","0",""
"婚","hūn","Weekly","3","942","0","0","0",""
"词","cí","Weekly","3","959","0","0","0",""
"园","yuán","Weekly","3","988","0","0","0",""
"典","diǎn","Weekly","3","1044","0","0","0",""
"冰","bīng","Weekly","3","1070","0","0","0",""
"努","nǔ","Weekly","3","1081","0","0","0",""
"绿","lǜ","Weekly","3","1088","0","0","0",""
"灯","dēng","Weekly","3","1115","0","0","0",""
"末","mò","Weekly","3","1164","0","0","0",""
"蓝","lán","Weekly","3","1190","0","0","0",""
"冒","mào","Weekly","3","1222","0","0","0",""
"迟","chí","Weekly","3","1374","0","0","0",""
"辆","liàng","Weekly","3","1375","0","0","0",""
"骑","qí","Weekly","3","1398","0","0","0",""
"叔","shū","Weekly","3","1422","0","0","0",""
"扫","sǎo","Weekly","3","1435","0","0","0",""
"箱","xiāng","Weekly","3","1453","0","0","0",""
"舒","shū","Weekly","3","1459","0","0","0",""
"饮","yǐn","Weekly","3","1569","0","0","0",""
"朵","duǒ","Weekly","3","1571","0","0","0",""
"邮","yóu","Weekly","3","1652","0","0","0",""
"聪","cōng","Weekly","3","1669","0","0","0",""
"梯","tī","Weekly","3","1672","0","0","0",""
"胖","pàng","Weekly","3","1893","0","0","0",""
"饿","è","Weekly","3","1911","0","0","0",""
"饱","bǎo","Weekly","3","1998","0","0","0",""
"伞","sǎn","Weekly","3","2202","0","0","0",""
"姨","yí","Weekly","3","2287","0","0","0",""
"啤","pí","Weekly","3","2849","0","0","0",""
"筷","kuài","Weekly","3","3110","0","0","0",""
"之","zhī","Weekly","4","44","0","0","0",""
"与","yǔ","Weekly","4","108","0","0","0",""
"性","xìng","Weekly","4","122","0","0","0",""
"由","yóu","Weekly","4","136","0","0","0",""
"并","bìng","Weekly","4","141","0","0","0",""
"合","hé","Weekly","4","171","0","0","0",""
"内","nèi","Weekly","4","175","0","0","0",""
"海","hǎi","Weekly","4","189","0","0","0",""
"论","lùn","Weekly","4","205","0","0","0",""
"处","chù","Weekly","4","206","0","0","0",""
"各","gè","Weekly","4","209","0","0","0",""
"活","huó","Weekly","4","219","0","0","0",""
"量","liàng","Weekly","4","241","0","0","0",""
"金","jīn","Weekly","4","260","0","0","0",""
"许","xǔ","Weekly","4","263","0","0","0",""
"区","qū","Weekly","4","265","0","0","0",""
"死","sǐ","Weekly","4","317","0","0","0",""
"拉","lā","Weekly","4","324","0","0","0",""
"格","gé","Weekly","4","325","0","0","0",""
"切","qiè","Weekly","4","337","0","0","0",""
"争","zhēng","Weekly","4","344","0","0","0",""
"亲","qīn","Weekly","4","362","0","0","0",""
"存","cún","Weekly","4","384","0","0","0",""
"台","tái","Weekly","4","388","0","0","0",""
"连","lián","Weekly","4","399","0","0","0",""
"亚","yà","Weekly","4","420","0","0","0",""
"断","duàn","Weekly","4","434","0","0","0",""
"广","guǎng","Weekly","4","468","0","0","0",""
"另","lìng","Weekly","4","489","0","0","0",""
"够","gòu","Weekly","4","538","0","0","0",""
"章","zhāng","Weekly","4","539","0","0","0",""
"紧","jǐn","Weekly","4","560","0","0","0",""
"母","mǔ","Weekly","4","565","0","0","0",""
"按","àn","Weekly","4","573","0","0","0",""
"破","pò","Weekly","4","604","0","0","0",""
"倒","dào","Weekly","4","608","0","0","0",""
"毛","máo","Weekly","4","623","0","0","0",""
"苦","kǔ","Weekly","4","634","0","0","0",""
"伤","shāng","Weekly","4","660","0","0","0",""
"洲","zhōu","Weekly","4","701","0","0","0",""
"的","de","Retired","1","1","0","0","0",""
"一","yī","Retired","1","2","0","0","0",""
"是","shì","Retired","1","3","0","0","0",""
"不","bù","Retired","1","4","0","0","0",""
"了","le","Retired","1","5","0","0","0",""
"在","zài","Retired","1","6","0","0","0",""
"人","rén","Retired","1","7","0","0","0",""
"有","yǒu","Retired","1","8","0","0","0",""
"我","wǒ","Retired","1","9","0","0","0",""
"他","tā","Retired","1","10","0","0","0",""
"这","zhè","Retired","1","11","0","0","0",""
"个","gè","Retired","1","12","0","0","0",""
"们","men","Retired","1","13","0","0","0",""
"中","zhōng","Retired","1","14","0","0","0",""
"来","lái","Retired","1","15","0","0","0",""
"上","shàng","Retired","1","16","0","0","0",""
"大","dà","Retired","1","17","0","0","0",""
"和","hé","Retired","1","19","0","0","0",""
"国","guó","Retired","1","20","0","0","0",""
"说","shuō","Retired","1","24","0","0","0",""
"时","shí","Retired","1","25","0","0","0",""
"出","chū","Retired","1","28","0","0","0",""
"会","huì","Retired","1","29","0","0","0",""
"你","nǐ","Retired","1","32","0","0","0",""
"对","duì","Retired","1","33","0","0","0",""
"生","shēng","Retired","1","34","0","0","0",""
"能","néng","Retired","1","35","0","0","0",""
"子","zi","Retired","1","37","0","0","0",""
"那","nà","Retired","1","38","0","0","0",""
"下","xià","Retired","1","42","0","0","0",""
"年","nián","Retired","1","45","0","0","0",""
"后","hòu","Retired","1","48","0","0","0",""
"作","zuò","Retired","1","49","0","0","0",""
"里","lǐ","Retired","1","50","0","0","0",""
"家","jiā","Retired","1","56","0","0","0",""
"多","duō","Retired","1","61","0","0","0",""
"么","me","Retired","1","63","0","0","0",""
"去","qù","Retired","1","64","0","0","0",""
"学","xué","Retired","1","66","0","0","0",""
"都","dōu","Retired","1","68","0","0","0",""
"同","tóng","Retired","1","69","0","0","0",""
"现","xiàn","Retired","1","70","0","0","0",""
"没","méi","Retired","1","72","0","0","0",""
"面","miàn","Retired","1","74","0","0","0",""
"起","qǐ","Retired","1","75","1","0","1","100"
"看","kàn","Retired","1","76","0","0","0",""
"天","tiān","Retired","1","78","0","0","0",""
"分","fēn","Retired","1","79","1","0","1","100"
"好","hǎo","Retired","1","82","0","0","0",""
"小","xiǎo","Retired","1","83","0","0","0",""
"些","xiē","Retired","1","86","0","0","0",""
"样","yàng","Retired","1","88","0","0","0",""
"她","tā","Retired","1","91","0","0","0",""
"本","běn","Retired","1","92","0","0","0",""
"前","qián","Retired","1","93","0","0","0",""
"开","kāi","Retired","1","94","0","0","0",""
"想","xiǎng","Retired","1","99","0","0","0",""
"机","jī","Retired","1","111","0","0","0",""
"十","shí","Retired","1","112","0","0","0",""
"工","gōng","Retired","1","118","0","0","0",""
"明","míng","Retired","1","121","0","0","0",""
"三","sān","Retired","1","125","0","0","0",""
"关","guān","Retired","1","127","0","0","0",""
"点","diǎn","Retired","1","128","0","0","0",""
"高","gāo","Retired","1","134","0","0","0",""
"很","hěn","Retired","1","138","0","0","0",""
"见","jiàn","Retired","1","153","0","0","0",""
"什","shén","Retired","1","156","0","0","0",""
"二","èr","Retired","1","157","0","0","0",""
"果","guǒ","Retired","1","165","0","0","0",""
"西","xī","Retired","1","167","0","0","0",""
"月","yuè","Retired","1","169","0","0","0",""
"话","huà","Retired","1","170","0","0","0",""
"回","huí","Retired","1","172","0","0","0",""
"老","lǎo","Retired","1","179","0","0","0",""
"先","xiān","Retired","1","188","0","0","0",""
"儿","ér","Retired","1","192","0","0","0",""
"东","dōng","Retired","1","194","0","0","0",""
"水","shuǐ","Retired","1","202","0","0","0",""
"名","míng","Retired","1","203","0","0","0",""
"几","jǐ","Retired","1","211","0","0","0",""
"认","rèn","Retired","1","213","0","0","0",""
"系","xì","Retired","1","216","0","0","0",""
"气","qì","Retired","1","217","0","0","0",""
"打","dǎ","Retired","1","223","0","0","0",""
"女","nǚ","Retired","1","224","0","0","0",""
"四","sì","Retired","1","226","0","0","0",""
"电","diàn","Retired","1","230","0","0","0",""
"少","shǎo","Retired","1","233","0","0","0",""
"太","tài","Retired","1","240","0","0","0",""
"再","zài","Retired","1","242","0","0","0",""
"做","zuò","Retired","1","246","0","0","0",""
"期","qī","Retired","1","253","0","0","0",""
"五","wǔ","Retired","1","279","0","0","0",""
"书","shū","Retired","1","282","0","0","0",""
"听","tīng","Retired","1","285","0","0","0",""
"住","zhù","Retired","1","309","0","0","0",""
"北","běi","Retired","1","315","0","0","0",""
"觉","jué","Retired","1","327","0","0","0",""
"师","shī","Retired","1","333","0","0","0",""
"今","jīn","Retired","1","336","0","0","0",""
"院","yuàn","Retired","1","338","0","0","0",""
"识","shí","Retired","1","340","0","0","0",""
"候","hòu","Retired","1","341","0","0","0",""
"飞","fēi","Retired","1","347","0","0","0",""
"车","chē","Retired","1","361","0","0","0",""
"服","fú","Retired","1","365","0","0","0",""
"怎","zěn","Retired","1","382","0","0","0",""
"呢","ne","Retired","1","383","0","0","0",""
"叫","jiào","Retired","1","387","0","0","0",""
"影","yǐng","Retired","1","390","0","0","0",""
"字","zì","Retired","1","393","0","0","0",""
"爱","ài","Retired","1","394","0","0","0",""
"商","shāng","Retired","1","402","0","0","0",""
"请","qǐng","Retired","1","421","0","0","0",""
"视","shì","Retired","1","438","0","0","0",""
"九","jiǔ","Retired","1","445","0","0","0",""
"写","xiě","Retired","1","448","0","0","0",""
"八","bā","Retired","1","451","0","0","0",""
"吗","ma","Retired","1","453","0","0","0",""
"吃","chī","Retired","1","475","0","0","0",""
"六","liù","Retired","1","478","0","0","0",""
"医","yī","Retired","1","482","0","0","0",""
"号","hào","Retired","1","487","0","0","0",""
"语","yǔ","Retired","1","493","0","0","0",""
"七","qī","Retired","1","530","0","0","0",""
"兴","xìng","Retired","1","531","0","0","0",""
"星","xīng","Retired","1","537","0","0","0",""
"京","jīng","Retired","1","566","0","0","0",""
"米","mǐ","Retired","1","575","0","0","0",""
"客","kè","Retired","1","583","0","0","0",""
"友","yǒu","Retired","1","594","0","0","0",""
"钱","qián","Retired","1","603","0","0","0",""
"热","rè","Retired","1","606","0","0","0",""
"坐","zuò","Retired","1","611","0","0","0",""
"校","xiào","Retired","1","633","0","0","0",""
"脑","nǎo","Retired","1","646","0","0","0",""
"谁","shuí","Retired","1","648","0","0","0",""
"哪","nǎ","Retired","1","652","0","0","0",""
"喜","xǐ","Retired","1","668","0","0","0",""
"习","xí","Retired","1","676","0","0","0",""
"欢","huān","Retired","1","685","0","0","0",""
"冷","lěng","Retired","1","700","0","0","0",""
"汉","hàn","Retired","1","711","0","0","0",""
"衣","yī","Retired","1","725","0","0","0",""
"妈","mā","Retired","1","750","0","0","0",""
"读","dú","Retired","1","752","0","0","0",""
"买","mǎi","Retired","1","758","0","0","0",""
"岁","suì","Retired","1","772","0","0","0",""
"块","kuài","Retired","1","793","0","0","0",""
"姐","jiě","Retired","1","830","0","0","0",""
"亮","liàng","Retired","1","840","0","0","0",""
"朋","péng","Retired","1","882","0","0","0",""
"谢","xiè","Retired","1","897","0","0","0",""
"钟","zhōng","Retired","1","905","0","0","0",""
"雨","yǔ","Retired","1","928","0","0","0",""
"饭","fàn","Retired","1","935","0","0","0",""
"睡","shuì","Retired","1","964","0","0","0",""
"喝","hē","Retired","1","983","0","0","0",""
"午","wǔ","Retired","1","1004","0","0","0",""
"店","diàn","Retired","1","1041","0","0","0",""
"爸","bà","Retired","1","1050","0","0","0",""
"桌","zhuō","Retired","1","1193","0","0","0",""
"菜","cài","Retired","1","1266","0","0","0",""
"茶","chá","Retired","1","1272","0","0","0",""
"狗","gǒu","Retired","1","1281","0","0","0",""
"杯","bēi","Retired","1","1396","0","0","0",""
"租","zū","Retired","1","1397","0","0","0",""
"昨","zuó","Retired","1","1475","0","0","0",""
"漂","piào","Retired","1","1568","0","0","0",""
"椅","yǐ","Retired","1","1663","0","0","0",""
"猫","māo","Retired","1","1673","0","0","0",""
"喂","wèi","Retired","1","1988","0","0","0",""
"苹","píng","Retired","1","2478","0","0","0",""
"为","wèi","Retired","2","18","0","0","0",""
"到","dào","Retired","2","22","0","0","0",""
"以","yǐ","Retired","2","23","0","0","0",""
"要","yào","Retired","2","26","0","0","0",""
"就","jiù","Retired","2","27","0","0","0",""
"可","kě","Retired","2","30","0","0","0",""
"也","yě","Retired","2","31","1","0","1","100"
"得","dé","Retired","2","39","0","0","0",""
"着","zhe","Retired","2","41","0","0","0",""
"过","guò","Retired","2","46","0","0","0",""
"道","dào","Retired","2","52","0","0","0",""
"所","suǒ","Retired","2","54","0","0","0",""
"然","rán","Retired","2","55","0","0","0",""
"事","shì","Retired","2","58","0","0","0",""
"经","jīng","Retired","2","62","0","0","0",""
"动","dòng","Retired","2","73","0","0","0",""
"还","hái","Retired","2","80","0","0","0",""
"进","jìn","Retired","2","81","0","0","0",""
"但","dàn","Retired","2","95","0","0","0",""
"因","yīn","Retired","2","96","0","0","0",""
"从","cóng","Retired","2","98","0","0","0",""
"日","rì","Retired","2","101","0","0","0",""
"意","yì","Retired","2","104","0","0","0",""
"它","tā","Retired","2","107","1","0","1","100"
"长","zhǎng","Retired","2","109","0","0","0",""
"第","dì","Retired","2","114","0","0","0",""
"公","gōng","Retired","2","115","0","0","0",""
"已","yǐ","Retired","2","117","0","0","0",""
"情","qíng","Retired","2","120","0","0","0",""
"知","zhī","Retired","2","123","0","0","0",""
"正","zhèng","Retired","2","129","0","0","0",""
"外","wài","Retired","2","131","0","0","0",""
"两","liǎng","Retired","2","133","0","0","0",""
"间","jiān","Retired","2","135","0","0","0",""
"问","wèn","Retired","2","137","0","0","0",""
"最","zuì","Retired","2","139","0","0","0",""
"手","shǒu","Retired","2","143","1","0","1","100"
"体","tǐ","Retired","2","149","0","0","0",""
"等","děng","Retired","2","158","0","0","0",""
"身","shēn","Retired","2","164","0","0","0",""
"表","biǎo","Retired","2","177","1","0","1","100"
"给","gěi","Retired","2","180","0","0","0",""
"次","cì","Retired","2","183","0","0","0",""
"门","mén","Retired","2","185","0","0","0",""
"常","cháng","Retired","2","187","0","0","0",""
"教","jiào","Retired","2","191","0","0","0",""
"比","bǐ","Retired","2","199","0","0","0",""
"员","yuán","Retired","2","200","0","0","0",""
"真","zhēn","Retired","2","204","0","0","0",""
"走","zǒu","Retired","2","207","0","0","0",""
"条","tiáo","Retired","2","214","0","0","0",""
"题","tí","Retired","2","218","0","0","0",""
"别","bié","Retired","2","222","0","0","0",""
"务","wù","Retired","2","245","0","0","0",""
"场","chǎng","Retired","2","249","0","0","0",""
"件","jiàn","Weekly","2","250","0","1","1","0"
"司","sī","Retired","2","278","0","0","0",""
"眼","yǎn","Retired","2","281","0","0","0",""
"非","fēi","Retired","2","283","0","0","0",""
"白","bái","Retired","2","286","0","0","0",""
"完","wán","Retired","2","301","0","0","0",""
"路","lù","Retired","2","305","0","0","0",""
"告","gào","Retired","2","310","0","0","0",""
"边","biān","Retired","2","316","0","0","0",""
"共","gòng","Retired","2","330","0","0","0",""
"让","ràng","Retired","2","339","0","0","0",""
"运","yùn","Retired","2","345","0","0","0",""
"笑","xiào","Retired","2","346","0","0","0",""
"步","bù","Retired","2","349","0","0","0",""
"每","měi","Retired","2","359","0","0","0",""
"快","kuài","Retired","2","366","0","0","0",""
"往","wǎng","Retired","2","369","0","0","0",""
"近","jìn","Retired","2","374","0","0","0",""
"夫","fū","Retired","2","377","1","0","1","100"
"准","zhǔn","Retired","2","379","0","0","0",""
"始","shǐ","Retired","2","381","0","0","0",""
"百","bǎi","Retired","2","407","0","0","0",""
"离","lí","Retired","2","418","0","0","0",""
"病","bìng","Retired","2","427","0","0","0",""
"火","huǒ","Retired","2","433","0","0","0",""
"早","zǎo","Retired","2","462","0","0","0",""
"找","zhǎo","Retired","2","466","0","0","0",""
"吧","ba","Retired","2","470","0","0","0",""
"考","kǎo","Retired","2","495","0","0","0",""
"红","hóng","Retired","2","502","0","0","0",""
"虽","suī","Retired","2","504","0","0","0",""
"黑","hēi","Retired","2","519","0","0","0",""
"足","zú","Retired","2","527","0","0","0",""
"站","zhàn","Retired","2","544","1","0","1","100"
"诉","sù","Retired","2","595","0","0","0",""
"千","qiān","Retired","2","599","0","0","0",""
"男","nán","Retired","2","602","0","0","0",""
"助","zhù","Retired","2","607","0","0","0",""
"乐","lè","Retired","2","619","0","0","0",""
"球","qiú","Retired","2","628","0","0","0",""
"晚","wǎn","Retired","2","641","0","0","0",""
"送","sòng","Retired","2","656","0","0","0",""
"室","shì","Retired","2","708","0","0","0",""
"您","nín","Retired","2","726","0","0","0",""
"帮","bāng","Retired","2","769","0","0","0",""
"左","zuǒ","Retired","2","782","0","0","0",""
"右","yòu","Retired","2","783","0","0","0",""
"穿","chuān","Retired","2","785","0","0","0",""
"哥","gē","Retired","2","804","0","0","0",""
"弟","dì","Retired","2","816","0","0","0",""
"慢","màn","Retired","2","822","0","0","0",""
"忙","máng","Retired","2","827","0","0","0",""
"介","jiè","Retired","2","831","0","0","0",""
"鱼","yú","Retired","2","852","0","0","0",""
"跑","pǎo","Retired","2","864","0","0","0",""
"贵","guì","Retired","2","873","0","0","0",""
"班","bān","Retired","2","884","0","0","0",""
"票","piào","Retired","2","910","0","0","0",""
"睛","jīng","Retired","2","934","0","0","0",""
"笔","bǐ","Retired","2","956","0","0","0",""
"卖","mài","Retired","2","974","0","0","0",""
"阴","yīn","Retired","2","987","0","0","0",""
"跳","tiào","Retired","2","999","0","0","0",""
"雪","xuě","Retired","2","1003","0","0","0",""
"肉","ròu","Retired","2","1009","0","0","0",""
"馆","guǎn","Retired","2","1011","0","0","0",""
"牛","niú","Retired","2","1018","0","0","0",""
"纸","zhǐ","Retired","2","1020","0","0","0",""
"歌","gē","Retired","2","1040","0","0","0",""
"床","chuáng","Retired","2","1068","0","0","0",""
"玩","wán","Retired","2","1072","0","0","0",""
"姓","xìng","Retired","2","1149","0","0","0",""
"妹","mèi","Retired","2","1185","1","0","1","100"
"汽","qì","Retired","2","1200","0","0","0",""
"课","kè","Retired","2","1208","0","0","0",""
"绍","shào","Retired","2","1234","0","0","0",""
"丈","zhàng","Retired","2","1242","0","0","0",""
"唱","chàng","Retired","2","1252","0","0","0",""
"奶","nǎi","Retired","2","1278","0","0","0",""
"宜","yí","Retired","2","1290","0","0","0",""
"累","lèi","Retired","2","1323","0","0","0",""
"羊","yáng","Retired","2","1337","0","0","0",""
"零","líng","Retired","2","1342","0","0","0",""
"蛋","dàn","Retired","2","1387","0","0","0",""
"鸡","jī","Retired","2","1391","0","0","0",""
"宾","bīn","Retired","2","1534","0","0","0",""
"颜","yán","Retired","2","1545","0","0","0",""
"瓜","guā","Retired","2","1827","0","0","0",""
"晴","qíng","Retired","2","1968","0","0","0",""
"啡","fēi","Retired","2","2326","0","0","0",""
"篮","lán","Retired","2","2357","0","0","0",""
"咖","kā","Retired","2","2379","0","0","0",""
"踢","tī","Retired","2","2444","0","0","0",""
"铅","qiān","Retired","2","2641","0","0","0",""
"地","de","Retired","3","21","0","0","0",""
"而","ér","Retired","3","36","0","0","0",""
"于","yú","Retired","3","40","0","0","0",""
"自","zì","Retired","3","43","0","0","0",""
"发","fā","Retired","3","47","0","0","0",""
"用","yòng","Retired","3","51","0","0","0",""
"行","xíng","Retired","3","53","0","0","0",""
"种","zhǒng","Retired","3","57","0","0","0",""
"成","chéng","Retired","3","59","0","0","0",""
"方","fāng","Retired","3","60","0","0","0",""
"法","fǎ","Retired","3","65","0","0","0",""
"如","rú","Retired","3","67","0","0","0",""
"当","dāng","Retired","3","71","0","0","0",""
"定","dìng","Retired","3","77","0","0","0",""
"主","zhǔ","Retired","3","87","0","0","0",""
"理","lǐ","Retired","3","89","0","0","0",""
"心","xīn","Retired","3","90","0","0","0",""
"只","zhǐ","Retired","3","97","0","0","0",""
"力","lì","Retired","3","106","0","0","0",""
"把","bǎ","Retired","3","110","0","0","0",""
"又","yòu","Retired","3","126","0","0","0",""
"业","yè","Retired","3","130","0","0","0",""
"重","zhòng","Retired","3","140","0","0","0",""
"应","yīng","Retired","3","144","0","0","0",""
"向","xiàng","Retired","3","146","0","0","0",""
"头","tóu","Retired","3","147","0","0","0",""
"文","wén","Retired","3","148","0","0","0",""
"被","bèi","Retired","3","154","0","0","0",""
"己","jǐ","Retired","3","162","0","0","0",""
"加","jiā","Retired","3","166","0","0","0",""
"信","xìn","Retired","3","176","0","0","0",""
"提","tí","Retired","3","196","0","0","0",""
"口","kǒu","Retired","3","212","0","0","0",""
"平","píng","Retired","3","215","0","0","0",""
"更","gèng","Retired","3","221","0","0","0",""
"总","zǒng","Retired","3","228","0","0","0",""
"数","shù","Retired","3","231","0","0","0",""
"安","ān","Retired","3","232","0","0","0",""
"才","cái","Retired","3","235","0","0","0",""
"目","mù","Retired","3","239","0","0","0",""
"市","shì","Retired","3","254","0","0","0",""
"山","shān","Retired","3","259","0","0","0",""
"空","kōng","Retired","3","272","0","0","0",""
"马","mǎ","Retired","3","276","0","0","0",""
"放","fàng","Retired","3","291","0","0","0",""
"且","qiě","Retired","3","296","0","0","0",""
"难","nán","Retired","3","295","0","0","0",""
"求","qiú","Retired","3","312","0","0","0",""
"张","zhāng","Retired","3","318","0","0","0",""
"该","gāi","Retired","3","319","0","0","0",""
"万","wàn","Retired","3","322","0","0","0",""
"带","dài","Retired","3","342","0","0","0",""
"风","fēng","Retired","3","348","0","0","0",""
"干","gàn","Retired","3","353","0","0","0",""
"元","yuán","Retired","3","370","0","0","0",""
"算","suàn","Retired","3","403","0","0","0",""
"花","huā","Retired","3","410","0","0","0",""
"级","jí","Retired","3","415","0","0","0",""
"照","zhào","Retired","3","443","0","0","0",""
"包","bāo","Retired","3","454","0","0","0",""
"片","piàn","Retired","3","455","0","0","0",""
"易","yì","Retired","3","461","0","0","0",""
"半","bàn","Retired","3","513","0","0","0",""
"节","jié","Retired","3","514","0","0","0",""
"讲","jiǎng","Retired","3","555","0","0","0",""
"答","dá","Retired","3","559","0","0","0",""
"故","gù","Retired","3","572","0","0","0",""
"河","hé","Retired","3","574","0","0","0",""
"双","shuāng","Retired","3","581","0","0","0",""
"树","shù","Retired","3","697","0","0","0",""
"句","jù","Retired","3","707","0","0","0",""
"简","jiǎn","Retired","3","716","0","0","0",""
"皮","pí","Retired","3","741","0","0","0",""
"香","xiāng","Retired","3","776","0","0","0",""
"草","cǎo","Retired","3","789","0","0","0",""
"画","huà","Retired","3","883","0","0","0",""
"耳","ěr","Retired","3","887","0","0","0",""
"板","bǎn","Retired","3","930","0","0","0",""
"鲜","xiān","Retired","3","958","0","0","0",""
"牙","yá","Retired","3","997","0","0","0",""
"爷","yé","Retired","3","1007","0","0","0",""
"哭","kū","Retired","3","1210","0","0","0",""
"鸟","niǎo","Retired","3","1263","0","0","0",""
"冬","dōng","Retired","3","1384","0","0","0",""
"爬","pá","Retired","3","1426","0","0","0",""
"熊","xióng","Retired","3","1741","0","0","0",""
"斤","jīn","Retired","3","1866","1","0","1","100"
"澡","zǎo","Retired","3","2695","0","0","0",""
"全","quán","Retired","4","124","0","0","0",""
"美","měi","Retired","4","151","0","0","0",""
"入","rù","Retired","4","210","0","0","0",""
"反","fǎn","Retired","4","237","1","0","1","100"
"队","duì","Retired","4","268","0","0","0",""
"林","lín","Retired","4","364","0","0","0",""
"父","fù","Retired","4","589","0","0","0",""
"云","yún","Retired","4","692","0","0","0",""
"默","mò","Archive","4","1031","0","0","0",""
"熟","shú","Archive","4","1035","0","0","0",""
"伙","huǒ","Archive","4","1047","0","0","0",""
"弄","nòng","Archive","4","1053","0","0","0",""
"刀","dāo","Archive","4","1067","0","0","0",""
"窗","chuāng","Archive","4","1074","0","0","0",""
"醒","xǐng","Archive","4","1075","0","0","0",""
"购","gòu","Archive","4","1078","0","0","0",""
"虎","hǔ","Archive","4","1083","0","0","0",""
"扬","yáng","Archive","4","1084","0","0","0",""
"毕","bì","Archive","4","1093","0","0","0",""
"尤","yóu","Archive","4","1099","0","0","0",""
"竞","jìng","Archive","4","1100","0","0","0",""
"弃","qì","Archive","4","1105","0","0","0",""
"麻","má","Archive","4","1108","0","0","0",""
"申","shēn","Archive","4","1110","0","0","0",""
"售","shòu","Archive","4","1114","0","0","0",""
"针","zhēn","Archive","4","1116","0","0","0",""
"抱","bào","Archive","4","1122","0","0","0",""
"鼓","gǔ","Archive","4","1123","0","0","0",""
"植","zhí","Archive","4","1124","0","0","0",""
"页","yè","Archive","4","1128","0","0","0",""
"折","zhé","Archive","4","1131","0","0","0",""
"尊","zūn","Archive","4","1134","0","0","0",""
"秀","xiù","Archive","4","1136","0","0","0",""
"染","rǎn","Archive","4","1141","0","0","0",""
"迷","mí","Archive","4","1153","0","0","0",""
"诚","chéng","Archive","4","1154","0","0","0",""
"彩","cǎi","Archive","4","1177","0","0","0",""
"抽","chōu","Archive","4","1178","0","0","0",""
"浪","làng","Archive","4","1186","0","0","0",""
"丰","fēng","Archive","4","1189","0","0","0",""
"译","yì","Archive","4","1198","0","0","0",""
"距","jù","Archive","4","1202","0","0","0",""
"符","fú","Archive","4","1205","0","0","0",""
"勇","yǒng","Archive","4","1206","0","0","0",""
"厅","tīng","Archive","4","1217","0","0","0",""
"拜","bài","Archive","4","1218","0","0","0",""
"巧","qiǎo","Archive","4","1219","0","0","0",""
"戴","dài","Archive","4","1228","0","0","0",""
"童","tóng","Archive","4","1229","0","0","0",""
"乘","chéng","Archive","4","1231","0","0","0",""
"挂","guà","Archive","4","1232","0","0","0",""
"奖","jiǎng","Archive","4","1233","0","0","0",""
"厚","hòu","Archive","4","1235","0","0","0",""
"镜","jìng","Archive","4","1251","0","0","0",""
"烦","fán","Archive","4","1253","0","0","0",""
"签","qiān","Archive","4","1254","0","0","0",""
"牌","pái","Archive","4","1261","0","0","0",""
"咱","zán","Archive","4","1265","0","0","0",""
"奋","fèn","Archive","4","1268","0","0","0",""
"播","bō","Archive","4","1275","0","0","0",""
"桥","qiáo","Archive","4","1292","0","0","0",""
"寒","hán","Archive","4","1297","0","0","0",""
"聚","jù","Archive","4","1306","0","0","0",""
"袋","dài","Archive","4","1310","0","0","0",""
"暂","zàn","Archive","4","1325","0","0","0",""
"估","gū","Archive","4","1326","0","0","0",""
"拒","jù","Archive","4","1331","0","0","0",""
"忆","yì","Archive","4","1333","0","0","0",""
"闹","nào","Archive","4","1336","0","0","0",""
"厉","lì","Archive","4","1339","0","0","0",""
"穷","qióng","Archive","4","1343","0","0","0",""
"码","mǎ","Archive","4","1345","0","0","0",""
"偶","ǒu","Archive","4","1361","0","0","0",""
"稍","shāo","Archive","4","1373","0","0","0",""
"矿","kuàng","Archive","4","1385","0","0","0",""
"抬","tái","Archive","4","1386","0","0","0",""
"倍","bèi","Archive","4","1392","0","0","0",""
"污","wū","Archive","4","1405","0","0","0",""
"耐","nài","Archive","4","1409","0","0","0",""
"粗","cū","Archive","4","1414","0","0","0",""
"悉","xī","Archive","4","1428","0","0","0",""
"详","xiáng","Archive","4","1439","0","0","0",""
"允","yǔn","Archive","4","1443","0","0","0",""
"剩","shèng","Archive","4","1446","0","0","0",""
"漫","màn","Archive","4","1455","0","0","0",""
"酸","suān","Archive","4","1456","0","0","0",""
"辛","xīn","Archive","4","1463","0","0","0",""
"餐","cān","Archive","4","1465","0","0","0",""
"挺","tǐng","Archive","4","1467","0","0","0",""
"励","lì","Archive","4","1468","0","0","0",""
"键","jiàn","Archive","4","1471","0","0","0",""
"扰","rǎo","Archive","4","1483","0","0","0",""
"阅","yuè","Archive","4","1489","0","0","0",""
"汗","hàn","Archive","4","1490","0","0","0",""
"骗","piàn","Archive","4","1503","0","0","0",""
"龄","líng","Archive","4","1510","0","0","0",""
"惜","xī","Archive","4","1512","0","0","0",""
"仔","zǐ","Archive","4","1572","0","0","0",""
"俩","liǎ","Archive","4","1574","0","0","0",""
"籍","jí","Archive","4","1579","0","0","0",""
"凉","liáng","Archive","4","1581","0","0","0",""
"貌","mào","Archive","4","1595","0","0","0",""
"猜","cāi","Archive","4","1598","0","0","0",""
"怜","lián","Archive","4","1599","0","0","0",""
"躺","tǎng","Archive","4","1608","0","0","0",""
"钢","gāng","Archive","4","1609","0","0","0",""
"寄","jì","Archive","4","1611","0","0","0",""
"汤","tāng","Archive","4","1618","0","0","0",""
"肥","féi","Archive","4","1620","0","0","0",""
"尝","cháng","Archive","4","1621","0","0","0",""
"厌","yàn","Archive","4","1633","0","0","0",""
"脏","zàng","Archive","4","1634","0","0","0",""
"幽","yōu","Archive","4","1636","0","0","0",""
"丢","diū","Archive","4","1639","0","0","0",""
"泉","quán","Archive","4","1641","0","0","0",""
"祝","zhù","Archive","4","1651","0","0","0",""
"陪","péi","Archive","4","1664","0","0","0",""
"贺","hè","Archive","4","1690","0","0","0",""
"琴","qín","Archive","4","1701","0","0","0",""
"恼","nǎo","Archive","4","1704","0","0","0",""
"敲","qiāo","Archive","4","1732","0","0","0",""
"暖","nuǎn","Archive","4","1745","0","0","0",""
"糖","táng","Archive","4","1746","0","0","0",""
"擦","cā","Archive","4","1761","0","0","0",""
"肤","fū","Archive","4","1790","0","0","0",""
"肚","dù","Archive","4","1800","0","0","0",""
"赢","yíng","Archive","4","1836","0","0","0",""
"址","zhǐ","Archive","4","1848","0","0","0",""
"悔","huǐ","Archive","4","1853","0","0","0",""
"邀","yāo","Archive","4","1854","0","0","0",""
"羽","yǔ","Archive","4","1865","0","0","0",""
"盐","yán","Archive","4","1885","0","0","0",""
"傅","fù","Archive","4","1887","0","0","0",""
"帅","shuài","Archive","4","1888","0","0","0",""
"扔","rēng","Archive","4","1905","0","0","0",""
"傲","ào","Archive","4","1960","0","0","0",""
"拾","shí","Archive","4","1961","0","0","0",""
"填","tián","Archive","4","1970","0","0","0",""
"扮","bàn","Archive","4","1974","0","0","0",""
"愉","yú","Archive","4","1982","0","0","0",""
"慕","mù","Archive","4","1990","0","0","0",""
"秒","miǎo","Archive","4","2028","0","0","0",""
"塑","sù","Archive","4","2038","0","0","0",""
"羞","xiū","Archive","4","2048","0","0","0",""
"盒","hé","Archive","4","2067","0","0","0",""
"棵","kē","Archive","4","2108","0","0","0",""
"谅","liàng","Archive","4","2120","0","0","0",""
"葡","pú","Archive","4","2130","0","0","0",""
"厨","chú","Archive","4","2132","0","0","0",""
"鸭","yā","Archive","4","2133","0","0","0",""
"谊","yì","Archive","4","2136","0","0","0",""
"歉","qiàn","Archive","4","2149","0","0","0",""
"赚","zhuàn","Archive","4","2182","0","0","0",""
"萄","táo","Archive","4","2210","0","0","0",""
"脾","pí","Archive","4","2223","0","0","0",""
"懒","lǎn","Archive","4","2230","0","0","0",""
"骄","jiāo","Archive","4","2248","0","0","0",""
"聘","pìn","Archive","4","2253","0","0","0",""
"巾","jīn","Archive","4","2281","0","0","0",""
"堵","dǔ","Archive","4","2284","0","0","0",""
"棒","bàng","Archive","4","2288","0","0","0",""
"硕","shuò","Archive","4","2304","0","0","0",""
"戚","qī","Archive","4","2316","0","0","0",""
"笨","bèn","Archive","4","2323","0","0","0",""
"泼","pō","Archive","4","2327","0","0","0",""
"郊","jiāo","Archive","4","2351","0","0","0",""
"饼","bǐng","Archive","4","2359","0","0","0",""
"咳","hāi","Archive","4","2373","0","0","0",""
"桶","tǒng","Archive","4","2411","0","0","0",""
"辣","là","Archive","4","2420","0","0","0",""
"膊","bó","Archive","4","2440","0","0","0",""
"趟","tàng","Archive","4","2457","0","0","0",""
"匙","shi","Archive","4","2476","0","0","0",""
"钥","yào","Archive","4","2481","0","0","0",""
"胳","gē","Archive","4","2490","0","0","0",""
"咸","xián","Archive","4","2525","0","0","0",""
"汁","zhī","Archive","4","2540","0","0","0",""
"垃","lā","Archive","4","2628","0","0","0",""
"烤","kǎo","Archive","4","2629","0","0","0",""
"圾","jī","Archive","4","2634","0","0","0",""
"逛","guàng","Archive","4","2642","0","0","0",""
"膏","gāo","Archive","4","2673","0","0","0",""
"羡","xiàn","Archive","4","2732","0","0","0",""
"暑","shǔ","Archive","4","2743","0","0","0",""
"嗽","sòu","Archive","4","2815","0","0","0",""
"橡","xiàng","Archive","4","2871","0","0","0",""
"厕","cè","Archive","4","2920","0","0","0",""
"袜","wà","Archive","4","3045","0","0","0",""
"勺","sháo","Archive","4","3275","0","0","0",""
"柿","shì","Archive","4","3355","0","0","0",""
"乒","pīng","Archive","4","3447","0","0","0",""
"乓","pāng","Archive","4","3502","0","0","0",""
"饺","jiǎo","Archive","4","3650","0","0","0",""
"军","jūn","Daily","5","102","0","0","0",""
"战","zhàn","Daily","5","145","0","0","0",""
"政","zhèng","Archive","5","150","0","0","0",""
"产","chǎn","Archive","5","159","0","0","0",""
"制","zhì","Archive","5","163","0","0","0",""
"代","dài","Archive","5","174","0","0","0",""
"立","lì","Archive","5","197","0","0","0",""
"义","yì","Archive","5","208","0","0","0",""
"神","shén","Archive","5","227","0","0","0",""
"德","dé","Archive","5","256","0","0","0",""
"统","tǒng","Archive","5","264","0","0","0",""
"形","xíng","Archive","5","269","0","0","0",""
"治","zhì","Archive","5","274","0","0","0",""
"达","dá","Archive","5","289","0","0","0",""
"强","qiáng","Archive","5","292","0","0","0",""
"权","quán","Archive","5","297","0","0","0",""
"王","wáng","Archive","5","299","0","0","0",""
"设","shè","Archive","5","302","0","0","0",""
"品","pǐn","Archive","5","308","0","0","0",""
"类","lèi","Archive","5","311","0","0","0",""
"领","lǐng","Archive","5","329","0","0","0",""
"造","zào","Archive","5","354","0","0","0",""
"组","zǔ","Archive","5","358","0","0","0",""
"英","yīng","Archive","5","371","0","0","0",""
"令","lìng","Archive","5","378","0","0","0",""
"布","bù","Archive","5","380","0","0","0",""
"未","wèi","Archive","5","385","0","0","0",""
"击","jī","Archive","5","395","0","0","0",""
"兵","bīng","Archive","5","398","0","0","0",""
"团","tuán","Archive","5","405","0","0","0",""
"集","jí","Archive","5","406","0","0","0",""
"华","huá","Archive","5","412","0","0","0",""
"石","shí","Archive","5","414","0","0","0",""
"府","fǔ","Archive","5","417","0","0","0",""
"似","shì","Archive","5","431","0","0","0",""
"官","guān","Archive","5","432","0","0","0",""
"器","qì","Archive","5","441","0","0","0",""
"称","chēng","Archive","5","449","0","0","0",""
"企","qǐ","Archive","5","450","0","0","0",""
"委","wěi","Archive","5","457","0","0","0",""
"曾","céng","Archive","5","463","0","0","0",""
"农","nóng","Archive","5","465","0","0","0",""
"装","zhuāng","Archive","5","467","0","0","0",""
"显","xiǎn","Archive","5","469","0","0","0",""
"念","niàn","Archive","5","477","0","0","0",""
"青","qīng","Archive","5","497","0","0","0",""
"武","wǔ","Archive","5","501","0","0","0",""
"势","shì","Archive","5","506","0","0","0",""
"古","gǔ","Archive","5","509","0","0","0",""
"构","gòu","Archive","5","511","0","0","0",""
"土","tǔ","Archive","5","515","0","0","0",""
"投","tóu","Archive","5","516","0","0","0",""
"某","mǒu","Archive","5","517","0","0","0",""
"维","wéi","Archive","5","520","0","0","0",""
"革","gé","Archive","5","521","0","0","0",""
"敌","dí","Archive","5","523","0","0","0",""
"致","zhì","Archive","5","524","0","0","0",""
"派","pài","Archive","5","532","0","0","0",""
"营","yíng","Archive","5","536","0","0","0",""
"巴","bā","Archive","5","546","0","0","0",""
"防","fáng","Archive","5","548","0","0","0",""
"施","shī","Archive","5","553","0","0","0",""
"型","xíng","Archive","5","556","0","0","0",""
"依","yī","Archive","5","568","0","0","0",""
"群","qún","Archive","5","570","0","0","0",""
"项","xiàng","Archive","5","571","0","0","0",""
"织","zhī","Archive","5","578","0","0","0",""
"斗","dòu","Archive","5","580","0","0","0",""
"采","cǎi","Archive","5","585","0","0","0",""
"杀","shā","Archive","5","587","0","0","0",""
"朝","cháo","Archive","5","593","0","0","0",""
"属","shǔ","Archive","5","610","0","0","0",""
"限","xiàn","Archive","5","613","0","0","0",""
"威","wēi","Archive","5","622","0","0","0",""
"状","zhuàng","Archive","5","624","0","0","0",""
"率","lǜ","Archive","5","625","0","0","0",""
"独","dú","Archive","5","627","0","0","0",""
"创","chuàng","Archive","5","635","0","0","0",""
"承","chéng","Archive","5","639","0","0","0",""
"股","gǔ","Archive","5","644","0","0","0",""
"益","yì","Archive","5","649","0","0","0",""
"血","xuè","Archive","5","658","0","0","0",""
"素","sù","Archive","5","661","0","0","0",""
"夜","yè","Archive","5","665","0","0","0",""
"初","chū","Archive","5","667","0","0","0",""
"源","yuán","Archive","5","670","0","0","0",""
"食","shí","Archive","5","671","0","0","0",""
"待","dài","Archive","5","673","0","0","0",""
"述","shù","Archive","5","674","0","0","0",""
"陆","lù","Archive","5","675","0","0","0",""
"置","zhì","Archive","5","677","0","0","0",""
"劳","láo","Archive","5","679","0","0","0",""
"财","cái","Archive","5","680","0","0","0",""
"纳","nà","Archive","5","684","0","0","0",""
"雷","léi","Archive","5","686","0","0","0",""
"模","mó","Archive","5","689","0","0","0",""
"充","chōng","Archive","5","690","0","0","0",""
"木","mù","Archive","5","694","0","0","0",""
"龙","lóng","Archive","5","696","0","0","0",""
"冲","chōng","Archive","5","702","0","0","0",""
"射","shè","Archive","5","703","0","0","0",""
"略","lüè","Archive","5","704","0","0","0",""
"范","fàn","Archive","5","705","0","0","0",""
"村","cūn","Archive","5","712","0","0","0",""
"哈","hā","Archive","5","713","0","0","0",""
"退","tuì","Archive","5","723","0","0","0",""
"余","yú","Archive","5","729","0","0","0",""
"痛","tòng","Archive","5","730","0","0","0",""
"灵","líng","Archive","5","734","0","0","0",""
"配","pèi","Archive","5","738","0","0","0",""
"征","zhēng","Archive","5","739","0","0","0",""
"挥","huī","Archive","5","742","0","0","0",""
"胜","shèng","Archive","5","743","0","0","0",""
"阶","jiē","Archive","5","745","0","0","0",""
"沉","chén","Archive","5","747","0","0","0",""
"善","shàn","Archive","5","749","0","0","0",""
"执","zhí","Archive","5","763","0","0","0",""
"追","zhuī","Archive","5","768","0","0","0",""
"宣","xuān","Archive","5","770","0","0","0",""
"佛","fú","Archive","5","771","0","0","0",""
"控","kòng","Archive","5","780","0","0","0",""
"税","shuì","Archive","5","781","0","0","0",""
"背","bèi","Archive","5","787","0","0","0",""
"阵","zhèn","Archive","5","788","0","0","0",""
"恶","è","Archive","5","792","0","0","0",""
"顿","dùn","Archive","5","794","0","0","0",""
"守","shǒu","Archive","5","796","0","0","0",""
"岛","dǎo","Archive","5","798","0","0","0",""
"托","tuō","Archive","5","799","0","0","0",""
"烈","liè","Archive","5","802","0","0","0",""
"索","suǒ","Archive","5","805","0","0","0",""
"胡","hú","Archive","5","806","0","0","0",""
"靠","kào","Archive","5","808","0","0","0",""
"版","bǎn","Archive","5","810","0","0","0",""
"宝","bǎo","Archive","5","811","0","0","0",""
"欧","ōu","Archive","5","823","0","0","0",""
"核","hé","Archive","5","828","0","0","0",""
"暗","àn","Archive","5","829","0","0","0",""
"良","liáng","Archive","5","835","0","0","0",""
"升","shēng","Archive","5","837","0","0","0",""
"临","lín","Archive","5","839","0","0","0",""
"架","jià","Archive","5","846","0","0","0",""
"域","yù","Archive","5","847","0","0","0",""
"括","kuò","Archive","5","850","0","0","0",""
"编","biān","Archive","5","858","0","0","0",""
"测","cè","Archive","5","861","0","0","0",""
"屋","wū","Archive","5","863","0","0","0",""
"渐","jiàn","Archive","5","870","0","0","0",""
"救","jiù","Archive","5","872","0","0","0",""
"枪","qiāng","Archive","5","874","0","0","0",""
"县","xiàn","Archive","5","877","0","0","0",""
"尚","shàng","Archive","5","878","0","0","0",""
"毫","háo","Archive","5","879","0","0","0",""
"移","yí","Archive","5","880","0","0","0",""
"娘","niáng","Archive","5","881","0","0","0",""
"智","zhì","Archive","5","885","0","0","0",""
"掌","zhǎng","Archive","5","890","0","0","0",""
"遗","yí","Archive","5","892","0","0","0",""
"固","gù","Archive","5","893","0","0","0",""
"席","xí","Archive","5","894","0","0","0",""
"秘","mì","Archive","5","896","0","0","0",""
"均","jūn","Archive","5","903","0","0","0",""
"销","xiāo","Archive","5","904","0","0","0",""
"诗","shī","Archive","5","906","0","0","0",""
"藏","cáng","Archive","5","907","0","0","0",""
"损","sǔn","Archive","5","911","0","0","0",""
"忽","hū","Archive","5","912","0","0","0",""
"巨","jù","Archive","5","913","0","0","0",""
"炮","pào","Archive","5","914","0","0","0",""
"录","lù","Archive","5","919","0","0","0",""
"乡","xiāng","Archive","5","922","0","0","0",""
"庭","tíng","Archive","5","931","0","0","0",""
"妇","fù","Archive","5","932","0","0","0",""
"归","guī","Archive","5","933","0","0","0",""
"含","hán","Archive","5","937","0","0","0",""
"摇","yáo","Archive","5","940","0","0","0",""
"补","bǔ","Archive","5","944","0","0","0",""
"谓","wèi","Archive","5","945","0","0","0",""
"毒","dú","Archive","5","947","0","0","0",""
"疗","liáo","Archive","5","949","0","0","0",""
"逐","zhú","Archive","5","954","0","0","0",""
"寻","xún","Archive","5","962","0","0","0",""
"厂","chǎng","Archive","5","963","0","0","0",""
"岸","àn","Archive","5","971","0","0","0",""
"炸","zhà","Archive","5","976","0","0","0",""
"载","zài","Archive","5","977","0","0","0",""
"避","bì","Archive","5","991","0","0","0",""
"抓","zhuā","Archive","5","992","0","0","0",""
"荣","róng","Archive","5","993","0","0","0",""
"姑","gū","Archive","5","994","0","0","0",""
"逃","táo","Archive","5","996","0","0","0",""
"顶","dǐng","Archive","5","1000","0","0","0",""
"玉","yù","Archive","5","1001","0","0","0",""
"迫","pò","Archive","5","1006","0","0","0",""
"洞","dòng","Archive","5","1015","0","0","0",""
"卷","juǎn","Archive","5","1016","0","0","0",""
"坦","tǎn","Archive","5","1017","0","0","0",""
"宁","níng","Archive","5","1019","0","0","0",""
"训","xùn","Archive","5","1022","0","0","0",""
"私","sī","Archive","5","1023","0","0","0",""
"丝","sī","Archive","5","1026","0","0","0",""
"握","wò","Archive","5","1032","0","0","0",""
"骨","gǔ","Archive","5","1036","0","0","0",""
"访","fǎng","Archive","5","1037","0","0","0",""
"弱","ruò","Archive","5","1038","0","0","0",""
"鬼","guǐ","Archive","5","1042","0","0","0",""
"软","ruǎn","Archive","5","1043","0","0","0",""
"扩","kuò","Archive","5","1051","0","0","0",""
"盖","gài","Archive","5","1052","0","0","0",""
"雄","xióng","Archive","5","1054","0","0","0",""
"稳","wěn","Archive","5","1055","0","0","0",""
"亿","yì","Archive","5","1057","0","0","0",""
"刺","cì","Archive","5","1058","0","0","0",""
"拥","yōng","Archive","5","1059","0","0","0",""
"齐","qí","Archive","5","1063","0","0","0",""
"虚","xū","Archive","5","1071","0","0","0",""
"析","xī","Archive","5","1073","0","0","0",""
"透","tòu","Archive","5","1077","0","0","0",""
"替","tì","Archive","5","1079","0","0","0",""
"途","tú","Archive","5","1085","0","0","0",""
"兄","xiōng","Archive","5","1089","0","0","0",""
"迅","xùn","Archive","5","1090","0","0","0",""
"套","tào","Archive","5","1091","0","0","0",""
"贸","mào","Archive","5","1092","0","0","0",""
"唯","wéi","Archive","5","1094","0","0","0",""
"轮","lún","Archive","5","1096","0","0","0",""
"库","kù","Archive","5","1097","0","0","0",""
"迹","jī","Archive","5","1098","0","0","0",""
"促","cù","Archive","5","1102","0","0","0",""
"延","yán","Archive","5","1103","0","0","0",""
"震","zhèn","Archive","5","1104","0","0","0",""
"甲","jiǎ","Archive","5","1106","0","0","0",""
"伟","wěi","Archive","5","1107","0","0","0",""
"缓","huǎn","Archive","5","1111","0","0","0",""
"闪","shǎn","Archive","5","1113","0","0","0",""
"哲","zhé","Archive","5","1117","0","0","0",""
"络","luò","Archive","5","1118","0","0","0",""
"纯","chún","Archive","5","1125","0","0","0",""
"忍","rěn","Archive","5","1127","0","0","0",""
"筑","zhù","Archive","5","1130","0","0","0",""
"贝","bèi","Archive","5","1133","0","0","0",""
"振","zhèn","Archive","5","1140","0","0","0",""
"圆","yuán","Archive","5","1145","0","0","0",""
"搞","gǎo","Archive","5","1146","0","0","0",""
"狂","kuáng","Archive","5","1147","0","0","0",""
"措","cuò","Archive","5","1148","0","0","0",""
"培","péi","Archive","5","1152","0","0","0",""
"宽","kuān","Archive","5","1155","0","0","0",""
"摆","bǎi","Archive","5","1158","0","0","0",""
"伸","shēn","Archive","5","1161","0","0","0",""
"摩","mó","Archive","5","1162","0","0","0",""
"悲","bēi","Archive","5","1166","0","0","0",""
"拍","pāi","Archive","5","1167","0","0","0",""
"硬","yìng","Archive","5","1170","0","0","0",""
"麦","mài","Archive","5","1171","0","0","0",""
"操","cāo","Archive","5","1173","0","0","0",""
"阻","zǔ","Archive","5","1175","0","0","0",""
"订","dìng","Archive","5","1176","0","0","0",""
"赞","zàn","Archive","5","1179","0","0","0",""
"纷","fēn","Archive","5","1181","0","0","0",""
"喊","hǎn","Archive","5","1183","0","0","0",""
"违","wéi","Archive","5","1184","0","0","0",""
"汇","huì","Archive","5","1187","0","0","0",""
"币","bì","Archive","5","1188","0","0","0",""
"殊","shū","Archive","5","1191","0","0","0",""
"献","xiàn","Archive","5","1192","0","0","0",""
"裁","cái","Archive","5","1203","0","0","0",""
"触","chù","Archive","5","1207","0","0","0",""
"敬","jìng","Archive","5","1209","0","0","0",""
"墙","qiáng","Archive","5","1212","0","0","0",""
"召","zhào","Archive","5","1214","0","0","0",""
"罚","fá","Archive","5","1215","0","0","0",""
"享","xiǎng","Archive","5","1227","0","0","0",""
"犹","yóu","Archive","5","1230","0","0","0",""
"彻","chè","Archive","5","1240","0","0","0",""
"描","miáo","Archive","5","1246","0","0","0",""
"妙","miào","Archive","5","1250","0","0","0",""
"彼","bǐ","Archive","5","1256","0","0","0",""
"仿","fǎng","Archive","5","1259","0","0","0",""
"闭","bì","Archive","5","1267","0","0","0",""
"庆","qìng","Archive","5","1269","0","0","0",""
"泪","lèi","Archive","5","1271","0","0","0",""
"朗","lǎng","Archive","5","1276","0","0","0",""
"尾","wěi","Archive","5","1282","0","0","0",""
"偷","tōu","Archive","5","1284","0","0","0",""
"虫","chóng","Archive","5","1287","0","0","0",""
"淡","dàn","Archive","5","1293","0","0","0",""
"恨","hèn","Archive","5","1295","0","0","0",""
"繁","fán","Archive","5","1296","0","0","0",""
"伴","bàn","Archive","5","1298","0","0","0",""
"旦","dàn","Archive","5","1300","0","0","0",""
"潮","cháo","Archive","5","1302","0","0","0",""
"粮","liáng","Archive","5","1303","0","0","0",""
"缩","suō","Archive","5","1304","0","0","0",""
"挑","tiāo","Archive","5","1309","0","0","0",""
"灰","huī","Archive","5","1311","0","0","0",""
"珍","zhēn","Archive","5","1314","0","0","0",""
"幕","mù","Archive","5","1315","0","0","0",""
"映","yìng","Archive","5","1316","0","0","0",""
"隔","gé","Archive","5","1319","0","0","0",""
"启","qǐ","Archive","5","1320","0","0","0",""
"泛","fàn","Archive","5","1327","0","0","0",""
"偿","cháng","Archive","5","1329","0","0","0",""
"呆","dāi","Archive","5","1338","0","0","0",""
"衡","héng","Archive","5","1340","0","0","0",""
"舍","shě","Archive","5","1344","0","0","0",""
"婆","pó","Archive","5","1347","0","0","0",""
"灾","zāi","Archive","5","1349","0","0","0",""
"胆","dǎn","Archive","5","1352","0","0","0",""
"俗","sú","Archive","5","1354","0","0","0",""
"辩","biàn","Archive","5","1355","0","0","0",""
"胸","xiōng","Archive","5","1356","0","0","0",""
"劲","jìn","Archive","5","1358","0","0","0",""
"辑","jí","Archive","5","1362","0","0","0",""
"恢","huī","Archive","5","1364","0","0","0",""
"圈","quān","Archive","5","1366","0","0","0",""
"摸","mō","Archive","5","1367","0","0","0",""
"润","rùn","Archive","5","1369","0","0","0",""
"堆","duī","Archive","5","1370","0","0","0",""
"碰","pèng","Archive","5","1371","0","0","0",""
"废","fèi","Archive","5","1376","0","0","0",""
"壁","bì","Archive","5","1380","0","0","0",""
"吹","chuī","Archive","5","1390","0","0","0",""
"糊","hú","Archive","5","1393","0","0","0",""
"盾","dùn","Archive","5","1395","0","0","0",""
"乏","fá","Archive","5","1399","0","0","0",""
"诊","zhěn","Archive","5","1401","0","0","0",""
"摄","shè","Archive","5","1403","0","0","0",""
"凭","píng","Archive","5","1410","0","0","0",""
"抢","qiǎng","Archive","5","1412","0","0","0",""
"绪","xù","Archive","5","1413","0","0","0",""
"肩","jiān","Archive","5","1415","0","0","0",""
"幻","huàn","Archive","5","1417","0","0","0",""
"碎","suì","Archive","5","1420","0","0","0",""
"综","zōng","Archive","5","1425","0","0","0",""
"返","fǎn","Archive","5","1430","0","0","0",""
"薄","báo","Archive","5","1433","0","0","0",""
"悄","qiāo","Archive","5","1434","0","0","0",""
"敏","mǐn","Archive","5","1436","0","0","0",""
"碍","ài","Archive","5","1437","0","0","0",""
"矛","máo","Archive","5","1441","0","0","0",""
"幅","fú","Archive","5","1444","0","0","0",""
"颗","kē","Archive","5","1448","0","0","0",""
"骂","mà","Archive","5","1449","0","0","0",""
"赏","shǎng","Archive","5","1450","0","0","0",""
"贴","tiē","Archive","5","1454","0","0","0",""
"腰","yāo","Archive","5","1458","0","0","0",""
"眉","méi","Archive","5","1460","0","0","0",""
"恋","liàn","Archive","5","1464","0","0","0",""
"吓","xià","Archive","5","1466","0","0","0",""
"辞","cí","Archive","5","1469","0","0","0",""
"尺","chǐ","Archive","5","1474","0","0","0",""
"辈","bèi","Archive","5","1477","0","0","0",""
"滑","huá","Archive","5","1480","0","0","0",""
"绕","rào","Archive","5","1485","0","0","0",""
"趋","qū","Archive","5","1486","0","0","0",""
"胁","xié","Archive","5","1494","0","0","0",""
"插","chā","Archive","5","1495","0","0","0",""
"慧","huì","Archive","5","1505","0","0","0",""
"媒","méi","Archive","5","1506","0","0","0",""
"佩","pèi","Archive","5","1507","0","0","0",""
"豪","háo","Archive","5","1513","0","0","0",""
"兼","jiān","Archive","5","1515","0","0","0",""
"跃","yuè","Archive","5","1516","0","0","0",""
"肃","sù","Archive","5","1518","0","0","0",""
"驶","shǐ","Archive","5","1520","0","0","0",""
"届","jiè","Archive","5","1522","0","0","0",""
"欣","xīn","Archive","5","1523","0","0","0",""
"惠","huì","Archive","5","1524","0","0","0",""
"册","cè","Archive","5","1525","0","0","0",""
"飘","piāo","Archive","5","1527","0","0","0",""
"闲","xián","Archive","5","1529","0","0","0",""
"频","pín","Archive","5","1535","0","0","0",""
"递","dì","Archive","5","1538","0","0","0",""
"撞","zhuàng","Archive","5","1540","0","0","0",""
"滚","gǔn","Archive","5","1542","0","0","0",""
"贡","gòng","Archive","5","1548","0","0","0",""
"疯","fēng","Archive","5","1549","0","0","0",""
"瞧","qiáo","Archive","5","1551","0","0","0",""
"燃","rán","Archive","5","1553","0","0","0",""
"锁","suǒ","Archive","5","1558","0","0","0",""
"劝","quàn","Archive","5","1562","0","0","0",""
"搜","sōu","Archive","5","1564","0","0","0",""
"勤","qín","Archive","5","1565","0","0","0",""
"戒","jiè","Archive","5","1566","0","0","0",""
"驾","jià","Archive","5","1567","0","0","0",""
"柔","róu","Archive","5","1573","0","0","0",""
"腐","fǔ","Archive","5","1576","0","0","0",""
"幼","yòu","Archive","5","1577","0","0","0",""
"践","jiàn","Archive","5","1578","0","0","0",""
"浓","nóng","Archive","5","1585","0","0","0",""
"竹","zhú","Archive","5","1588","0","0","0",""
"逻","luó","Archive","5","1591","0","0","0",""
"遵","zūn","Archive","5","1593","0","0","0",""
"饰","shì","Archive","5","1604","0","0","0",""
"贷","dài","Archive","5","1605","0","0","0",""
"叙","xù","Archive","5","1607","0","0","0",""
"沟","gōu","Archive","5","1610","0","0","0",""
"扶","fú","Archive","5","1612","0","0","0",""
"寿","shòu","Archive","5","1615","0","0","0",""
"询","xún","Archive","5","1617","0","0","0",""
"匆","cōng","Archive","5","1622","0","0","0",""
"奈","nài","Archive","5","1624","0","0","0",""
"慰","wèi","Archive","5","1632","0","0","0",""
"怨","yuàn","Archive","5","1637","0","0","0",""
"躲","duǒ","Archive","5","1644","0","0","0",""
"紫","zǐ","Archive","5","1646","0","0","0",""
"艰","jiān","Archive","5","1647","0","0","0",""
"慌","huāng","Archive","5","1650","0","0","0",""
"吐","tǔ","Archive","5","1653","0","0","0",""
"咬","yǎo","Archive","5","1658","0","0","0",""
"挤","jǐ","Archive","5","1661","0","0","0",""
"弯","wān","Archive","5","1662","0","0","0",""
"雾","wù","Archive","5","1670","0","0","0",""
"屈","qū","Archive","5","1684","0","0","0",""
"蛇","shé","Archive","5","1689","0","0","0",""
"鼠","shǔ","Archive","5","1693","0","0","0",""
"吨","dūn","Archive","5","1700","0","0","0",""
"池","chí","Archive","5","1709","0","0","0",""
"冠","guān","Archive","5","1713","0","0","0",""
"尘","chén","Archive","5","1718","0","0","0",""
"浅","qiǎn","Archive","5","1721","0","0","0",""
"喷","pēn","Archive","5","1729","0","0","0",""
"凌","líng","Archive","5","1731","0","0","0",""
"赔","péi","Archive","5","1734","0","0","0",""
"涂","tú","Archive","5","1735","0","0","0",""
"亏","kuī","Archive","5","1738","0","0","0",""
"寂","jì","Archive","5","1739","0","0","0",""
"煤","méi","Archive","5","1740","0","0","0",""
"恭","gōng","Archive","5","1742","0","0","0",""
"湿","shī","Archive","5","1743","0","0","0",""
"秩","zhì","Archive","5","1749","0","0","0",""
"宿","sù","Archive","5","1752","0","0","0",""
"烂","làn","Archive","5","1754","0","0","0",""
"抖","dǒu","Archive","5","1757","0","0","0",""
"夹","jiā","Archive","5","1758","0","0","0",""
"昆","kūn","Archive","5","1759","0","0","0",""
"猪","zhū","Archive","5","1762","0","0","0",""
"慎","shèn","Archive","5","1765","0","0","0",""
"玻","bō","Archive","5","1769","0","0","0",""
"齿","chǐ","Archive","5","1773","0","0","0",""
"押","yā","Archive","5","1775","0","0","0",""
"漠","mò","Archive","5","1777","0","0","0",""
"疲","pí","Archive","5","1778","0","0","0",""
"醉","zuì","Archive","5","1783","0","0","0",""
"拳","quán","Archive","5","1784","0","0","0",""
"斜","xié","Archive","5","1786","0","0","0",""
"档","dàng","Archive","5","1787","0","0","0",""
"豆","dòu","Archive","5","1793","0","0","0",""
"涨","zhǎng","Archive","5","1803","0","0","0",""
"拼","pīn","Archive","5","1820","0","0","0",""
"歇","xiē","Archive","5","1828","0","0","0",""
"桃","táo","Archive","5","1839","0","0","0",""
"嘉","jiā","Archive","5","1845","0","0","0",""
"俊","jùn","Archive","5","1847","0","0","0",""
"乙","yǐ","Archive","5","1872","0","0","0",""
"妨","fáng","Archive","5","1873","0","0","0",""
"挣","zhēng","Archive","5","1875","0","0","0",""
"览","lǎn","Archive","5","1886","0","0","0",""
"璃","lí","Archive","5","1894","0","0","0",""
"滴","dī","Archive","5","1896","0","0","0",""
"姿","zī","Archive","5","1899","0","0","0",""
"丑","chǒu","Archive","5","1901","0","0","0",""
"劣","liè","Archive","5","1902","0","0","0",""
"匹","pǐ","Archive","5","1908","0","0","0",""
"俱","jù","Archive","5","1909","0","0","0",""
"蜂","fēng","Archive","5","1912","0","0","0",""
"糟","zāo","Archive","5","1918","0","0","0",""
"谨","jǐn","Archive","5","1917","0","0","0",""
"苗","miáo","Archive","5","1920","0","0","0",""
"肠","cháng","Archive","5","1921","0","0","0",""
"挡","dǎng","Archive","5","1933","0","0","0",""
"纲","gāng","Archive","5","1934","0","0","0",""
"肌","jī","Archive","5","1935","0","0","0",""
"膀","bǎng","Archive","5","1941","0","0","0",""
"卧","wò","Archive","5","1944","0","0","0",""
"欠","qiàn","Archive","5","1948","0","0","0",""
"夸","kuā","Archive","5","1955","0","0","0",""
"豫","yù","Archive","5","1956","0","0","0",""
"胃","wèi","Archive","5","1957","0","0","0",""
"睁","zhēng","Archive","5","1963","0","0","0",""
"铃","líng","Archive","5","1969","0","0","0",""
"吻","wěn","Archive","5","1973","0","0","0",""
"脆","cuì","Archive","5","1976","0","0","0",""
"柴","chái","Archive","5","1981","0","0","0",""
"绳","shéng","Archive","5","1983","0","0","0",""
"眠","mián","Archive","5","1986","0","0","0",""
"傻","shǎ","Archive","5","1989","0","0","0",""
"扇","shàn","Archive","5","1993","0","0","0",""
"柜","guì","Archive","5","1994","0","0","0",""
"拦","lán","Archive","5","1996","0","0","0",""
"夕","xī","Archive","5","2003","0","0","0",""
"姻","yīn","Archive","5","2007","0","0","0",""
"氛","fēn","Archive","5","2009","0","0","0",""
"蜜","mì","Archive","5","2014","0","0","0",""
"摘","zhāi","Archive","5","2026","0","0","0",""
"披","pī","Archive","5","2032","0","0","0",""
"辅","fǔ","Archive","5","2033","0","0","0",""
"盆","pén","Archive","5","2035","0","0","0",""
"吵","chǎo","Archive","5","2040","0","0","0",""
"嗯","ń","Archive","5","2042","0","0","0",""
"骤","zhòu","Archive","5","2045","0","0","0",""
"漏","lòu","Archive","5","2052","0","0","0",""
"悠","yōu","Archive","5","2055","0","0","0",""
"滩","tān","Archive","5","2062","0","0","0",""
"嫁","jià","Archive","5","2063","0","0","0",""
"催","cuī","Archive","5","2064","0","0","0",""
"翅","chì","Archive","5","2066","0","0","0",""
"锅","guō","Archive","5","2074","0","0","0",""
"拆","chāi","Archive","5","2076","0","0","0",""
"棋","qí","Archive","5","2089","0","0","0",""
"唉","āi","Archive","5","2091","0","0","0",""
"孕","yùn","Archive","5","2094","0","0","0",""
"链","liàn","Archive","5","2099","0","0","0",""
"艳","yàn","Archive","5","2104","0","0","0",""
"臭","chòu","Archive","5","2105","0","0","0",""
"趁","chèn","Archive","5","2109","0","0","0",""
"愁","chóu","Archive","5","2113","0","0","0",""
"孝","xiào","Archive","5","2116","0","0","0",""
"冻","dòng","Archive","5","2127","0","0","0",""
"闯","chuǎng","Archive","5","2129","0","0","0",""
"宴","yàn","Archive","5","2155","0","0","0",""
"矩","jǔ","Archive","5","2160","0","0","0",""
"胶","jiāo","Archive","5","2170","0","0","0",""
"盼","pàn","Archive","5","2174","0","0","0",""
"脖","bó","Archive","5","2175","0","0","0",""
"虹","hóng","Archive","5","2176","0","0","0",""
"账","zhàng","Archive","5","2179","0","0","0",""
"倡","chàng","Archive","5","2185","0","0","0",""
"猴","hóu","Archive","5","2187","0","0","0",""
"寓","yù","Archive","5","2199","0","0","0",""
"狮","shī","Archive","5","2211","0","0","0",""
"抄","chāo","Archive","5","2213","0","0","0",""
"晕","yūn","Archive","5","2215","0","0","0",""
"砍","kǎn","Archive","5","2217","0","0","0",""
"剪","jiǎn","Archive","5","2227","0","0","0",""
"叉","chā","Archive","5","2231","0","0","0",""
"拐","guǎi","Archive","5","2232","0","0","0",""
"捐","juān","Archive","5","2235","0","0","0",""
"歪","wāi","Archive","5","2239","0","0","0",""
"粘","zhān","Archive","5","2240","0","0","0",""
"陌","mò","Archive","5","2243","0","0","0",""
"窄","zhǎi","Archive","5","2244","0","0","0",""
"鞭","biān","Archive","5","2250","0","0","0",""
"厘","lí","Archive","5","2262","0","0","0",""
"厦","shà","Archive","5","2264","0","0","0",""
"恳","kěn","Archive","5","2265","0","0","0",""
"憾","hàn","Archive","5","2269","0","0","0",""
"摔","shuāi","Archive","5","2270","0","0","0",""
"愧","kuì","Archive","5","2275","0","0","0",""
"洒","sǎ","Archive","5","2283","0","0","0",""
"哎","āi","Archive","5","2294","0","0","0",""
"钓","diào","Archive","5","2305","0","0","0",""
"蝶","dié","Archive","5","2306","0","0","0",""
"讽","fěng","Archive","5","2322","0","0","0",""
"旬","xún","Archive","5","2332","0","0","0",""
"撕","sī","Archive","5","2334","0","0","0",""
"谦","qiān","Archive","5","2345","0","0","0",""
"兔","tù","Archive","5","2364","0","0","0",""
"荐","jiàn","Archive","5","2367","0","0","0",""
"炭","tàn","Archive","5","2369","0","0","0",""
"舅","jiù","Archive","5","2375","0","0","0",""
"裹","guǒ","Archive","5","2387","0","0","0",""
"瞎","xiā","Archive","5","2395","0","0","0",""
"咨","zī","Archive","5","2408","0","0","0",""
"宠","chǒng","Archive","5","2422","0","0","0",""
"兑","duì","Archive","5","2424","0","0","0",""
"霉","méi","Archive","5","2425","0","0","0",""
"塘","táng","Archive","5","2436","0","0","0",""
"帘","lián","Archive","5","2458","0","0","0",""
"厢","xiāng","Archive","5","2467","0","0","0",""
"乖","guāi","Archive","5","2470","0","0","0",""
"娱","yú","Archive","5","2493","0","0","0",""
"娶","qǔ","Archive","5","2494","0","0","0",""
"嗓","sǎng","Archive","5","2496","0","0","0",""
"蹲","dūn","Archive","5","2497","0","0","0",""
"淘","táo","Archive","5","2499","0","0","0",""
"嫩","nèn","Archive","5","2500","0","0","0",""
"壶","hú","Archive","5","2518","0","0","0",""
"傍","bàng","Archive","5","2558","0","0","0",""
"勿","wù","Archive","5","2563","0","0","0",""
"踩","cǎi","Archive","5","2570","0","0","0",""
"煮","zhǔ","Archive","5","2582","0","0","0",""
"逗","dòu","Archive","5","2587","0","0","0",""
"炒","chǎo","Archive","5","2590","0","0","0",""
"寞","mò","Archive","5","2601","0","0","0",""
"甩","shuǎi","Archive","5","2603","0","0","0",""
"燥","zào","Archive","5","2613","0","0","0",""
"晒","shài","Archive","5","2630","0","0","0",""
"屿","yǔ","Archive","5","2636","0","0","0",""
"绸","chóu","Archive","5","2635","0","0","0",""
"痒","yǎng","Archive","5","2646","0","0","0",""
"耽","dān","Archive","5","2658","0","0","0",""
"魅","mèi","Archive","5","2662","0","0","0",""
"狡","jiǎo","Archive","5","2670","0","0","0",""
"匀","yún","Archive","5","2692","0","0","0",""
"熬","áo","Archive","5","2705","0","0","0",""
"毯","tǎn","Archive","5","2711","0","0","0",""
"梳","shū","Archive","5","2717","0","0","0",""
"蔬","shū","Archive","5","2721","0","0","0",""
"捡","jiǎn","Archive","5","2753","0","0","0",""
"删","shān","Archive","5","2780","0","0","0",""
"浏","liú","Archive","5","2841","0","0","0",""
"裔","yì","Archive","5","2842","0","0","0",""
"浇","jiāo","Archive","5","2866","0","0","0",""
"姥","lǎo","Archive","5","2874","0","0","0",""
"烫","tàng","Archive","5","2903","0","0","0",""
"惭","cán","Archive","5","2943","0","0","0",""
"蝴","hú","Archive","5","2964","0","0","0",""
"梨","lí","Archive","5","3004","0","0","0",""
"醋","cù","Archive","5","3076","0","0","0",""
"猾","huá","Archive","5","3083","0","0","0",""
"皂","zào","Archive","5","3087","0","0","0",""
"酱","jiàng","Archive","5","3100","0","0","0",""
"糙","cāo","Archive","5","3118","0","0","0",""
"屉","tì","Archive","5","3127","0","0","0",""
"髦","máo","Archive","5","3149","0","0","0",""
"椒","jiāo","Archive","5","3187","0","0","0",""
"桔","jú","Archive","5","3304","0","0","0",""
"馒","mán","Archive","5","3628","0","0","0",""
"嚏","tì","Archive","5","3897","0","0","0",""
"斯","sī","Archive","6","168","0","0","0",""
"党","dǎng","Archive","6","411","0","0","0",""
"陈","chén","Archive","6","525","0","0","0",""
"攻","gōng","Archive","6","588","0","0","0",""
"苏","sū","Archive","6","590","0","0","0",""
"帝","dì","Archive","6","612","0","0","0",""
"若","ruò","Archive","6","651","0","0","0",""
"波","bō","Archive","6","664","0","0","0",""
"异","yì","Archive","6","709","0","0","0",""
"策","cè","Archive","6","714","0","0","0",""
"罪","zuì","Archive","6","718","0","0","0",""
"州","zhōu","Archive","6","721","0","0","0",""
"宗","zōng","Archive","6","727","0","0","0",""
"协","xié","Archive","6","735","0","0","0",""
"审","shěn","Archive","6","746","0","0","0",""
"皇","huáng","Archive","6","759","0","0","0",""
"副","fù","Archive","6","764","0","0","0",""
"抗","kàng","Archive","6","766","0","0","0",""
"犯","fàn","Archive","6","767","0","0","0",""
"田","tián","Archive","6","778","0","0","0",""
"央","yāng","Archive","6","800","0","0","0",""
"伯","bó","Archive","6","821","0","0","0",""
"监","jiān","Archive","6","838","0","0","0",""
"露","lù","Archive","6","841","0","0","0",""
"野","yě","Archive","6","845","0","0","0",""
"舰","jiàn","Archive","6","851","0","0","0",""
"湾","wān","Archive","6","855","0","0","0",""
"吉","jí","Archive","6","856","0","0","0",""
"剑","jiàn","Archive","6","869","0","0","0",""
"亦","yì","Archive","6","886","0","0","0",""
"恩","ēn","Archive","6","888","0","0","0",""
"鲁","lǔ","Archive","6","898","0","0","0",""
"端","duān","Archive","6","916","0","0","0",""
"探","tàn","Archive","6","917","0","0","0",""
"湖","hú","Archive","6","918","0","0","0",""
"予","yǔ","Archive","6","925","0","0","0",""
"港","gǎng","Archive","6","927","0","0","0",""
"额","é","Archive","6","936","0","0","0",""
"督","dū","Archive","6","946","0","0","0",""
"泽","zé","Archive","6","951","0","0","0",""
"灭","miè","Archive","6","953","0","0","0",""
"莫","mò","Archive","6","955","0","0","0",""
"亡","wáng","Archive","6","957","0","0","0",""
"圣","shèng","Archive","6","960","0","0","0",""
"诺","nuò","Archive","6","969","0","0","0",""
"伦","lún","Archive","6","970","0","0","0",""
"奥","ào","Archive","6","972","0","0","0",""
"唐","táng","Archive","6","973","0","0","0",""
"堂","táng","Archive","6","980","0","0","0",""
"宫","gōng","Archive","6","982","0","0","0",""
"君","jūn","Archive","6","985","0","0","0",""
"谋","móu","Archive","6","989","0","0","0",""
"镇","zhèn","Archive","6","1002","0","0","0",""
"凡","fán","Archive","6","1013","0","0","0",""
"诸","zhū","Archive","6","1021","0","0","0",""
"庄","zhuāng","Archive","6","1024","0","0","0",""
"祖","zǔ","Archive","6","1025","0","0","0",""
"暴","bào","Archive","6","1028","0","0","0",""
"塔","tǎ","Archive","6","1030","0","0","0",""
"隐","yǐn","Archive","6","1034","0","0","0",""
"蒙","méng","Archive","6","1039","0","0","0",""
"欲","yù","Archive","6","1045","0","0","0",""
"遭","zāo","Archive","6","1048","0","0","0",""
"徒","tú","Archive","6","1060","0","0","0",""
"姆","mǔ","Archive","6","1061","0","0","0",""
"曲","qū","Archive","6","1066","0","0","0",""
"塞","sāi","Archive","6","1080","0","0","0",""
"侵","qīn","Archive","6","1086","0","0","0",""
"刑","xíng","Archive","6","1087","0","0","0",""
"谷","gǔ","Archive","6","1095","0","0","0",""
"川","chuān","Archive","6","1109","0","0","0",""
"潜","qián","Archive","6","1112","0","0","0",""
"抵","dǐ","Archive","6","1119","0","0","0",""
"杰","jié","Archive","6","1129","0","0","0",""
"郑","zhèng","Archive","6","1132","0","0","0",""
"混","hùn","Archive","6","1137","0","0","0",""
"臣","chén","Archive","6","1138","0","0","0",""
"雅","yǎ","Archive","6","1139","0","0","0",""
"盛","shèng","Archive","6","1142","0","0","0",""
"怒","nù","Archive","6","1143","0","0","0",""
"残","cán","Archive","6","1150","0","0","0",""
"宇","yǔ","Archive","6","1156","0","0","0",""
"猛","měng","Archive","6","1157","0","0","0",""
"毁","huǐ","Archive","6","1160","0","0","0",""
"盟","méng","Archive","6","1163","0","0","0",""
"丁","dīng","Archive","6","1168","0","0","0",""
"魔","mó","Archive","6","1180","0","0","0",""
"沿","yán","Archive","6","1182","0","0","0",""
"啦","la","Archive","6","1194","0","0","0",""
"瓦","wǎ","Archive","6","1195","0","0","0",""
"援","yuán","Archive","6","1197","0","0","0",""
"夺","duó","Archive","6","1199","0","0","0",""
"偏","piān","Archive","6","1204","0","0","0",""
"袭","xí","Archive","6","1213","0","0","0",""
"侠","xiá","Archive","6","1216","0","0","0",""
"侧","cè","Archive","6","1220","0","0","0",""
"债","zhài","Archive","6","1223","0","0","0",""
"融","róng","Archive","6","1225","0","0","0",""
"纵","zòng","Archive","6","1236","0","0","0",""
"障","zhàng","Archive","6","1237","0","0","0",""
"讯","xùn","Archive","6","1238","0","0","0",""
"涉","shè","Archive","6","1239","0","0","0",""
"刊","kān","Archive","6","1241","0","0","0",""
"爆","bào","Archive","6","1243","0","0","0",""
"乌","wū","Archive","6","1244","0","0","0",""
"役","yì","Archive","6","1245","0","0","0",""
"患","huàn","Archive","6","1249","0","0","0",""
"仙","xiān","Archive","6","1255","0","0","0",""
"症","zhèng","Archive","6","1258","0","0","0",""
"倾","qīng","Archive","6","1260","0","0","0",""
"陷","xiàn","Archive","6","1262","0","0","0",""
"轰","hōng","Archive","6","1264","0","0","0",""
"撤","chè","Archive","6","1270","0","0","0",""
"疾","jí","Archive","6","1273","0","0","0",""
"缘","yuán","Archive","6","1274","0","0","0",""
"杜","dù","Archive","6","1277","0","0","0",""
"仪","yí","Archive","6","1283","0","0","0",""
"奔","bēn","Archive","6","1285","0","0","0",""
"珠","zhū","Archive","6","1286","0","0","0",""
"驻","zhù","Archive","6","1288","0","0","0",""
"孔","kǒng","Archive","6","1289","0","0","0",""
"翼","yì","Archive","6","1294","0","0","0",""
"叹","tàn","Archive","6","1299","0","0","0",""
"愈","yù","Archive","6","1301","0","0","0",""
"罢","bà","Archive","6","1305","0","0","0",""
"径","jìng","Archive","6","1307","0","0","0",""
"恰","qià","Archive","6","1308","0","0","0",""
"捕","bǔ","Archive","6","1312","0","0","0",""
"裂","liè","Archive","6","1317","0","0","0",""
"泰","tài","Archive","6","1318","0","0","0",""
"尖","jiān","Archive","6","1321","0","0","0",""
"忠","zhōng","Archive","6","1322","0","0","0",""
"炎","yán","Archive","6","1324","0","0","0",""
"荒","huāng","Archive","6","1328","0","0","0",""
"横","héng","Archive","6","1330","0","0","0",""
"孤","gū","Archive","6","1334","0","0","0",""
"胞","bāo","Archive","6","1341","0","0","0",""
"魂","hún","Archive","6","1348","0","0","0",""
"洪","hóng","Archive","6","1350","0","0","0",""
"津","jīn","Archive","6","1353","0","0","0",""
"晓","xiǎo","Archive","6","1357","0","0","0",""
"仁","rén","Archive","6","1360","0","0","0",""
"贫","pín","Archive","6","1359","0","0","0",""
"赖","lài","Archive","6","1365","0","0","0",""
"仰","yǎng","Archive","6","1368","0","0","0",""
"艇","tǐng","Archive","6","1372","0","0","0",""
"凶","xiōng","Archive","6","1378","0","0","0",""
"署","shǔ","Archive","6","1379","0","0","0",""
"御","yù","Archive","6","1381","0","0","0",""
"奉","fèng","Archive","6","1382","0","0","0",""
"旋","xuán","Archive","6","1383","0","0","0",""
"晨","chén","Archive","6","1388","0","0","0",""
"伏","fú","Archive","6","1389","0","0","0",""
"隆","lóng","Archive","6","1400","0","0","0",""
"奴","nú","Archive","6","1402","0","0","0",""
"丧","sàng","Archive","6","1404","0","0","0",""
"渡","dù","Archive","6","1406","0","0","0",""
"旗","qí","Archive","6","1407","0","0","0",""
"甘","gān","Archive","6","1408","0","0","0",""
"扎","zhā","Archive","6","1411","0","0","0",""
"梁","liáng","Archive","6","1416","0","0","0",""
"皆","jiē","Archive","6","1419","0","0","0",""
"宙","zhòu","Archive","6","1421","0","0","0",""
"岩","yán","Archive","6","1423","0","0","0",""
"荡","dàng","Archive","6","1424","0","0","0",""
"蒂","dì","Archive","6","1429","0","0","0",""
"井","jǐng","Archive","6","1431","0","0","0",""
"壮","zhuàng","Archive","6","1432","0","0","0",""
"殖","zhí","Archive","6","1438","0","0","0",""
"霍","huò","Archive","6","1442","0","0","0",""
"撒","sā","Archive","6","1445","0","0","0",""
"液","yè","Archive","6","1451","0","0","0",""
"番","fān","Archive","6","1452","0","0","0",""
"郎","láng","Archive","6","1457","0","0","0",""
"忧","yōu","Archive","6","1461","0","0","0",""
"浮","fú","Archive","6","1462","0","0","0",""
"艘","sōu","Archive","6","1470","0","0","0",""
"伍","wǔ","Archive","6","1472","0","0","0",""
"峰","fēng","Archive","6","1473","0","0","0",""
"黎","lí","Archive","6","1476","0","0","0",""
"贯","guàn","Archive","6","1478","0","0","0",""
"侦","zhēn","Archive","6","1479","0","0","0",""
"券","quàn","Archive","6","1481","0","0","0",""
"崇","chóng","Archive","6","1482","0","0","0",""
"宪","xiàn","Archive","6","1484","0","0","0",""
"慈","cí","Archive","6","1487","0","0","0",""
"枝","zhī","Archive","6","1491","0","0","0",""
"拖","tuō","Archive","6","1492","0","0","0",""
"墨","mò","Archive","6","1493","0","0","0",""
"箭","jiàn","Archive","6","1496","0","0","0",""
"泥","ní","Archive","6","1499","0","0","0",""
"粉","fěn","Archive","6","1498","0","0","0",""
"氏","shì","Archive","6","1500","0","0","0",""
"拔","bá","Archive","6","1502","0","0","0",""
"愤","fèn","Archive","6","1508","0","0","0",""
"扑","pū","Archive","6","1509","0","0","0",""
"驱","qū","Archive","6","1511","0","0","0",""
"掩","yǎn","Archive","6","1514","0","0","0",""
"尸","shī","Archive","6","1517","0","0","0",""
"堡","bǎo","Archive","6","1521","0","0","0",""
"储","chǔ","Archive","6","1526","0","0","0",""
"桑","sāng","Archive","6","1528","0","0","0",""
"惨","cǎn","Archive","6","1530","0","0","0",""
"洁","jié","Archive","6","1531","0","0","0",""
"踪","zōng","Archive","6","1532","0","0","0",""
"勃","bó","Archive","6","1533","0","0","0",""
"仇","chóu","Archive","6","1536","0","0","0",""
"磨","mó","Archive","6","1537","0","0","0",""
"拟","nǐ","Archive","6","1541","0","0","0",""
"奏","zòu","Archive","6","1543","0","0","0",""
"巡","xún","Archive","6","1544","0","0","0",""
"剂","jì","Archive","6","1546","0","0","0",""
"坡","pō","Archive","6","1550","0","0","0",""
"截","jié","Archive","6","1552","0","0","0",""
"焦","jiāo","Archive","6","1554","0","0","0",""
"殿","diàn","Archive","6","1555","0","0","0",""
"伪","wěi","Archive","6","1556","0","0","0",""
"逼","bī","Archive","6","1559","0","0","0",""
"颇","pō","Archive","6","1560","0","0","0",""
"昏","hūn","Archive","6","1561","0","0","0",""
"呈","chéng","Archive","6","1563","0","0","0",""
"牧","mù","Archive","6","1580","0","0","0",""
"牲","shēng","Archive","6","1582","0","0","0",""
"佳","jiā","Archive","6","1583","0","0","0",""
"稿","gǎo","Archive","6","1587","0","0","0",""
"腹","fù","Archive","6","1589","0","0","0",""
"跌","diē","Archive","6","1590","0","0","0",""
"垂","chuí","Archive","6","1592","0","0","0",""
"脉","mài","Archive","6","1594","0","0","0",""
"狱","yù","Archive","6","1597","0","0","0",""
"惑","huò","Archive","6","1600","0","0","0",""
"陶","táo","Archive","6","1601","0","0","0",""
"兽","shòu","Archive","6","1602","0","0","0",""
"帐","zhàng","Archive","6","1603","0","0","0",""
"昌","chāng","Archive","6","1606","0","0","0",""
"铺","pù","Archive","6","1613","0","0","0",""
"惧","jù","Archive","6","1616","0","0","0",""
"盗","dào","Archive","6","1619","0","0","0",""
"辉","huī","Archive","6","1623","0","0","0",""
"扣","kòu","Archive","6","1625","0","0","0",""
"嘛","ma","Archive","6","1628","0","0","0",""
"董","dǒng","Archive","6","1629","0","0","0",""
"迁","qiān","Archive","6","1630","0","0","0",""
"凝","níng","Archive","6","1631","0","0","0",""
"腾","téng","Archive","6","1635","0","0","0",""
"埋","mái","Archive","6","1640","0","0","0",""
"涌","yǒng","Archive","6","1642","0","0","0",""
"辖","xiá","Archive","6","1643","0","0","0",""
"晋","jìn","Archive","6","1645","0","0","0",""
"狠","hěn","Archive","6","1654","0","0","0",""
"鉴","jiàn","Archive","6","1655","0","0","0",""
"械","xiè","Archive","6","1657","0","0","0",""
"赤","chì","Archive","6","1660","0","0","0",""
"割","gē","Archive","6","1665","0","0","0",""
"揭","jiē","Archive","6","1666","0","0","0",""
"悟","wù","Archive","6","1668","0","0","0",""
"锋","fēng","Archive","6","1671","0","0","0",""
"祥","xiáng","Archive","6","1674","0","0","0",""
"阔","kuò","Archive","6","1675","0","0","0",""
"誉","yù","Archive","6","1676","0","0","0",""
"筹","chóu","Archive","6","1677","0","0","0",""
"丛","cóng","Archive","6","1678","0","0","0",""
"牵","qiān","Archive","6","1679","0","0","0",""
"鸣","míng","Archive","6","1680","0","0","0",""
"旨","zhǐ","Archive","6","1685","0","0","0",""
"袖","xiù","Archive","6","1686","0","0","0",""
"猎","liè","Archive","6","1687","0","0","0",""
"臂","bì","Archive","6","1688","0","0","0",""
"柱","zhù","Archive","6","1691","0","0","0",""
"抛","pāo","Archive","6","1692","0","0","0",""
"牢","láo","Archive","6","1696","0","0","0",""
"逊","xùn","Archive","6","1697","0","0","0",""
"迈","mài","Archive","6","1698","0","0","0",""
"欺","qī","Archive","6","1699","0","0","0",""
"衰","shuāi","Archive","6","1702","0","0","0",""
"诱","yòu","Archive","6","1707","0","0","0",""
"狼","láng","Archive","6","1708","0","0","0",""
"仗","zhàng","Archive","6","1712","0","0","0",""
"粒","lì","Archive","6","1714","0","0","0",""
"遥","yáo","Archive","6","1715","0","0","0",""
"抚","fǔ","Archive","6","1720","0","0","0",""
"纠","jiū","Archive","6","1723","0","0","0",""
"钻","zuān","Archive","6","1724","0","0","0",""
"晶","jīng","Archive","6","1725","0","0","0",""
"岂","qǐ","Archive","6","1726","0","0","0",""
"峡","xiá","Archive","6","1727","0","0","0",""
"苍","cāng","Archive","6","1728","0","0","0",""
"耗","hào","Archive","6","1730","0","0","0",""
"菌","jūn","Archive","6","1733","0","0","0",""
"粹","cuì","Archive","6","1736","0","0","0",""
"扁","biǎn","Archive","6","1737","0","0","0",""
"循","xún","Archive","6","1744","0","0","0",""
"赋","fù","Archive","6","1747","0","0","0",""
"抑","yì","Archive","6","1748","0","0","0",""
"哀","āi","Archive","6","1751","0","0","0",""
"踏","tà","Archive","6","1753","0","0","0",""
"恒","héng","Archive","6","1764","0","0","0",""
"纽","niǔ","Archive","6","1767","0","0","0",""
"纹","wén","Archive","6","1768","0","0","0",""
"渔","yú","Archive","6","1770","0","0","0",""
"磁","cí","Archive","6","1771","0","0","0",""
"铜","tóng","Archive","6","1772","0","0","0",""
"跨","kuà","Archive","6","1774","0","0","0",""
"怖","bù","Archive","6","1776","0","0","0",""
"叛","pàn","Archive","6","1779","0","0","0",""
"遣","qiǎn","Archive","6","1780","0","0","0",""
"弥","mí","Archive","6","1785","0","0","0",""
"稀","xī","Archive","6","1788","0","0","0",""
"捷","jié","Archive","6","1789","0","0","0",""
"疫","yì","Archive","6","1791","0","0","0",""
"肿","zhǒng","Archive","6","1792","0","0","0",""
"削","xuē","Archive","6","1794","0","0","0",""
"岗","gǎng","Archive","6","1795","0","0","0",""
"晃","huǎng","Archive","6","1796","0","0","0",""
"吞","tūn","Archive","6","1797","0","0","0",""
"宏","hóng","Archive","6","1798","0","0","0",""
"癌","ái","Archive","6","1799","0","0","0",""
"隶","lì","Archive","6","1801","0","0","0",""
"履","lǚ","Archive","6","1802","0","0","0",""
"耀","yào","Archive","6","1804","0","0","0",""
"扭","niǔ","Archive","6","1805","0","0","0",""
"坛","tán","Archive","6","1806","0","0","0",""
"拨","bō","Archive","6","1807","0","0","0",""
"沃","wò","Archive","6","1808","0","0","0",""
"绘","huì","Archive","6","1809","0","0","0",""
"伐","fá","Archive","6","1810","0","0","0",""
"堪","kān","Archive","6","1811","0","0","0",""
"牺","xī","Archive","6","1814","0","0","0",""
"墓","mù","Archive","6","1816","0","0","0",""
"雇","gù","Archive","6","1817","0","0","0",""
"廉","lián","Archive","6","1818","0","0","0",""
"惩","chéng","Archive","6","1821","0","0","0",""
"捉","zhuō","Archive","6","1822","0","0","0",""
"覆","fù","Archive","6","1823","0","0","0",""
"劫","jié","Archive","6","1825","0","0","0",""
"嫌","xián","Archive","6","1826","0","0","0",""
"雕","diāo","Archive","6","1829","0","0","0",""
"闷","mèn","Archive","6","1830","0","0","0",""
"乳","rǔ","Archive","6","1831","0","0","0",""
"串","chuàn","Archive","6","1832","0","0","0",""
"娃","wá","Archive","6","1833","0","0","0",""
"缴","jiǎo","Archive","6","1834","0","0","0",""
"唤","huàn","Archive","6","1835","0","0","0",""
"霸","bà","Archive","6","1838","0","0","0",""
"妥","tuǒ","Archive","6","1840","0","0","0",""
"搭","dā","Archive","6","1842","0","0","0",""
"赴","fù","Archive","6","1843","0","0","0",""
"岳","yuè","Archive","6","1844","0","0","0",""
"舱","cāng","Archive","6","1846","0","0","0",""
"庞","páng","Archive","6","1849","0","0","0",""
"耕","gēng","Archive","6","1850","0","0","0",""
"锐","ruì","Archive","6","1851","0","0","0",""
"缝","fèng","Archive","6","1852","0","0","0",""
"宅","zhái","Archive","6","1858","0","0","0",""
"斥","chì","Archive","6","1857","0","0","0",""
"添","tiān","Archive","6","1859","0","0","0",""
"挖","wā","Archive","6","1860","0","0","0",""
"呵","ā","Archive","6","1861","0","0","0",""
"讼","sòng","Archive","6","1862","0","0","0",""
"氧","yǎng","Archive","6","1863","0","0","0",""
"酷","kù","Archive","6","1867","0","0","0",""
"掠","lüè","Archive","6","1868","0","0","0",""
"祸","huò","Archive","6","1870","0","0","0",""
"贪","tān","Archive","6","1874","0","0","0",""
"悬","xuán","Archive","6","1879","0","0","0",""
"唇","chún","Archive","6","1880","0","0","0",""
"仓","cāng","Archive","6","1882","0","0","0",""
"轨","guǐ","Archive","6","1883","0","0","0",""
"枚","méi","Archive","6","1884","0","0","0",""
"庙","miào","Archive","6","1889","0","0","0",""
"屏","píng","Archive","6","1891","0","0","0",""
"寺","sì","Archive","6","1892","0","0","0",""
"愚","yú","Archive","6","1895","0","0","0",""
"疏","shū","Archive","6","1897","0","0","0",""
"颤","chàn","Archive","6","1900","0","0","0",""
"寸","cùn","Archive","6","1904","0","0","0",""
"盯","dīng","Archive","6","1906","0","0","0",""
"辱","rǔ","Archive","6","1907","0","0","0",""
"辨","biàn","Archive","6","1910","0","0","0",""
"哦","ó","Archive","6","1913","0","0","0",""
"腔","qiāng","Archive","6","1914","0","0","0",""
"郁","yù","Archive","6","1915","0","0","0",""
"溃","kuì","Archive","6","1916","0","0","0",""
"忌","jì","Archive","6","1922","0","0","0",""
"溜","liū","Archive","6","1923","0","0","0",""
"笼","lóng","Archive","6","1928","0","0","0",""
"丘","qiū","Archive","6","1929","0","0","0",""
"滋","zī","Archive","6","1931","0","0","0",""
"壳","ké","Archive","6","1937","0","0","0",""
"痕","hén","Archive","6","1938","0","0","0",""
"穴","xué","Archive","6","1940","0","0","0",""
"卓","zhuō","Archive","6","1942","0","0","0",""
"贤","xián","Archive","6","1943","0","0","0",""
"膜","mó","Archive","6","1945","0","0","0",""
"毅","yì","Archive","6","1946","0","0","0",""
"锦","jǐn","Archive","6","1947","0","0","0",""
"茫","máng","Archive","6","1951","0","0","0",""
"昂","áng","Archive","6","1952","0","0","0",""
"皱","zhòu","Archive","6","1954","0","0","0",""
"舌","shé","Archive","6","1958","0","0","0",""
"剥","bō","Archive","6","1959","0","0","0",""
"窝","wō","Archive","6","1962","0","0","0",""
"携","xié","Archive","6","1964","0","0","0",""
"陵","líng","Archive","6","1965","0","0","0",""
"哼","hēng","Archive","6","1966","0","0","0",""
"棉","mián","Archive","6","1967","0","0","0",""
"饲","sì","Archive","6","1971","0","0","0",""
"逆","nì","Archive","6","1975","0","0","0",""
"喘","chuǎn","Archive","6","1977","0","0","0",""
"罩","zhào","Archive","6","1978","0","0","0",""
"炉","lú","Archive","6","1980","0","0","0",""
"胎","tāi","Archive","6","1984","0","0","0",""
"蓄","xù","Archive","6","1985","0","0","0",""
"竭","jié","Archive","6","1987","0","0","0",""
"浑","hún","Archive","6","1991","0","0","0",""
"悦","yuè","Archive","6","1995","0","0","0",""
"诞","dàn","Archive","6","1997","0","0","0",""
"泡","pào","Archive","6","2000","0","0","0",""
"贼","zéi","Archive","6","2001","0","0","0",""
"亭","tíng","Archive","6","2002","0","0","0",""
"酬","chóu","Archive","6","2005","0","0","0",""
"儒","rú","Archive","6","2006","0","0","0",""
"泄","xiè","Archive","6","2010","0","0","0",""
"杆","gān","Archive","6","2011","0","0","0",""
"挨","āi","Archive","6","2012","0","0","0",""
"吟","yín","Archive","6","2015","0","0","0",""
"狭","xiá","Archive","6","2018","0","0","0",""
"肖","xiào","Archive","6","2019","0","0","0",""
"霞","xiá","Archive","6","2021","0","0","0",""
"驳","bó","Archive","6","2022","0","0","0",""
"裕","yù","Archive","6","2023","0","0","0",""
"顽","wán","Archive","6","2024","0","0","0",""
"畜","chù","Archive","6","2030","0","0","0",""
"咽","yàn","Archive","6","2031","0","0","0",""
"勾","gōu","Archive","6","2034","0","0","0",""
"疆","jiāng","Archive","6","2036","0","0","0",""
"赌","dǔ","Archive","6","2037","0","0","0",""
"畏","wèi","Archive","6","2039","0","0","0",""
"泊","pō","Archive","6","2043","0","0","0",""
"肺","fèi","Archive","6","2044","0","0","0",""
"缠","chán","Archive","6","2046","0","0","0",""
"瞪","dèng","Archive","6","2049","0","0","0",""
"吊","diào","Archive","6","2050","0","0","0",""
"斑","bān","Archive","6","2053","0","0","0",""
"涛","tāo","Archive","6","2054","0","0","0",""
"俘","fú","Archive","6","2057","0","0","0",""
"卑","bēi","Archive","6","2059","0","0","0",""
"葬","zàng","Archive","6","2060","0","0","0",""
"铭","míng","Archive","6","2061","0","0","0",""
"蛮","mán","Archive","6","2068","0","0","0",""
"歧","qí","Archive","6","2071","0","0","0",""
"廊","láng","Archive","6","2075","0","0","0",""
"灌","guàn","Archive","6","2077","0","0","0",""
"勉","miǎn","Archive","6","2078","0","0","0",""
"盲","máng","Archive","6","2079","0","0","0",""
"宰","zǎi","Archive","6","2080","0","0","0",""
"啥","shà","Archive","6","2082","0","0","0",""
"胀","zhàng","Archive","6","2083","0","0","0",""
"扯","chě","Archive","6","2084","0","0","0",""
"辽","liáo","Archive","6","2086","0","0","0",""
"抹","mǒ","Archive","6","2087","0","0","0",""
"筒","tǒng","Archive","6","2088","0","0","0",""
"朴","pǔ","Archive","6","2092","0","0","0",""
"咐","fù","Archive","6","2093","0","0","0",""
"誓","shì","Archive","6","2095","0","0","0",""
"喉","hóu","Archive","6","2096","0","0","0",""
"妄","wàng","Archive","6","2097","0","0","0",""
"拘","jū","Archive","6","2098","0","0","0",""
"驰","chí","Archive","6","2100","0","0","0",""
"栏","lán","Archive","6","2101","0","0","0",""
"逝","shì","Archive","6","2102","0","0","0",""
"窃","qiè","Archive","6","2103","0","0","0",""
"纤","xiān","Archive","6","2106","0","0","0",""
"盈","yíng","Archive","6","2111","0","0","0",""
"瞬","shùn","Archive","6","2114","0","0","0",""
"婴","yīng","Archive","6","2115","0","0","0",""
"颈","jǐng","Archive","6","2117","0","0","0",""
"倘","tǎng","Archive","6","2118","0","0","0",""
"蔽","bì","Archive","6","2121","0","0","0",""
"畅","chàng","Archive","6","2122","0","0","0",""
"赠","zèng","Archive","6","2123","0","0","0",""
"跪","guì","Archive","6","2128","0","0","0",""
"颠","diān","Archive","6","2134","0","0","0",""
"遮","zhē","Archive","6","2135","0","0","0",""
"吁","xū","Archive","6","2138","0","0","0",""
"辟","pì","Archive","6","2140","0","0","0",""
"瘤","liú","Archive","6","2141","0","0","0",""
"嫂","sǎo","Archive","6","2142","0","0","0",""
"框","kuāng","Archive","6","2144","0","0","0",""
"钦","qīn","Archive","6","2147","0","0","0",""
"庸","yōng","Archive","6","2148","0","0","0",""
"吼","hǒu","Archive","6","2151","0","0","0",""
"摊","tān","Archive","6","2154","0","0","0",""
"嘱","zhǔ","Archive","6","2156","0","0","0",""
"衷","zhōng","Archive","6","2157","0","0","0",""
"娇","jiāo","Archive","6","2158","0","0","0",""
"讶","yà","Archive","6","2162","0","0","0",""
"耸","sǒng","Archive","6","2163","0","0","0",""
"摧","cuī","Archive","6","2166","0","0","0",""
"薪","xīn","Archive","6","2167","0","0","0",""
"淋","lín","Archive","6","2168","0","0","0",""
"耻","chǐ","Archive","6","2169","0","0","0",""
"饥","jī","Archive","6","2173","0","0","0",""
"崩","bēng","Archive","6","2178","0","0","0",""
"逢","féng","Archive","6","2181","0","0","0",""
"撑","chēng","Archive","6","2183","0","0","0",""
"翔","xiáng","Archive","6","2184","0","0","0",""
"枯","kū","Archive","6","2188","0","0","0",""
"凑","còu","Archive","6","2193","0","0","0",""
"溪","xī","Archive","6","2194","0","0","0",""
"蠢","chǔn","Archive","6","2195","0","0","0",""
"阐","chǎn","Archive","6","2197","0","0","0",""
"旺","wàng","Archive","6","2198","0","0","0",""
"碑","bēi","Archive","6","2203","0","0","0",""
"挪","nuó","Archive","6","2204","0","0","0",""
"脂","zhī","Archive","6","2206","0","0","0",""
"谎","huǎng","Archive","6","2207","0","0","0",""
"慨","kǎi","Archive","6","2208","0","0","0",""
"掘","jué","Archive","6","2212","0","0","0",""
"逮","dǎi","Archive","6","2216","0","0","0",""
"掏","tāo","Archive","6","2218","0","0","0",""
"晰","xī","Archive","6","2220","0","0","0",""
"罕","hǎn","Archive","6","2221","0","0","0",""
"挽","wǎn","Archive","6","2222","0","0","0",""
"舟","zhōu","Archive","6","2224","0","0","0",""
"骚","sāo","Archive","6","2237","0","0","0",""
"拓","tà","Archive","6","2238","0","0","0",""
"坑","kēng","Archive","6","2242","0","0","0",""
"兆","zhào","Archive","6","2246","0","0","0",""
"崖","yá","Archive","6","2247","0","0","0",""
"刹","shā","Archive","6","2249","0","0","0",""
"芒","máng","Archive","6","2251","0","0","0",""
"筋","jīn","Archive","6","2252","0","0","0",""
"棍","gùn","Archive","6","2255","0","0","0",""
"钩","gōu","Archive","6","2254","0","0","0",""
"嚷","rǎng","Archive","6","2256","0","0","0",""
"弦","xián","Archive","6","2258","0","0","0",""
"焰","yàn","Archive","6","2259","0","0","0",""
"耍","shuǎ","Archive","6","2260","0","0","0",""
"俯","fǔ","Archive","6","2261","0","0","0",""
"愣","lèng","Archive","6","2263","0","0","0",""
"饶","ráo","Archive","6","2266","0","0","0",""
"钉","dīng","Archive","6","2267","0","0","0",""
"叠","dié","Archive","6","2271","0","0","0",""
"惹","rě","Archive","6","2272","0","0","0",""
"喻","yù","Archive","6","2273","0","0","0",""
"谱","pǔ","Archive","6","2274","0","0","0",""
"煌","huáng","Archive","6","2276","0","0","0",""
"溶","róng","Archive","6","2278","0","0","0",""
"坠","zhuì","Archive","6","2279","0","0","0",""
"滥","làn","Archive","6","2282","0","0","0",""
"瓷","cí","Archive","6","2285","0","0","0",""
"浴","yù","Archive","6","2290","0","0","0",""
"屁","pì","Archive","6","2295","0","0","0",""
"漆","qī","Archive","6","2296","0","0","0",""
"巢","cháo","Archive","6","2298","0","0","0",""
"吩","fēn","Archive","6","2299","0","0","0",""
"啸","xiào","Archive","6","2301","0","0","0",""
"滞","zhì","Archive","6","2302","0","0","0",""
"膝","xī","Archive","6","2307","0","0","0",""
"茂","mào","Archive","6","2309","0","0","0",""
"恕","shù","Archive","6","2314","0","0","0",""
"渠","qú","Archive","6","2315","0","0","0",""
"辰","chén","Archive","6","2317","0","0","0",""
"舶","bó","Archive","6","2318","0","0","0",""
"颁","bān","Archive","6","2319","0","0","0",""
"袍","páo","Archive","6","2324","0","0","0",""
"嘲","cháo","Archive","6","2325","0","0","0",""
"衔","xián","Archive","6","2328","0","0","0",""
"倦","juàn","Archive","6","2329","0","0","0",""
"涵","hán","Archive","6","2330","0","0","0",""
"雀","què","Archive","6","2331","0","0","0",""
"僵","jiāng","Archive","6","2333","0","0","0",""
"肢","zhī","Archive","6","2335","0","0","0",""
"垄","lǒng","Archive","6","2336","0","0","0",""
"侨","qiáo","Archive","6","2340","0","0","0",""
"舆","yú","Archive","6","2341","0","0","0",""
"弊","bì","Archive","6","2348","0","0","0",""
"凄","qī","Archive","6","2352","0","0","0",""
"捧","pěng","Archive","6","2353","0","0","0",""
"浸","jìn","Archive","6","2354","0","0","0",""
"砖","zhuān","Archive","6","2355","0","0","0",""
"蒸","zhēng","Archive","6","2358","0","0","0",""
"陡","dǒu","Archive","6","2362","0","0","0",""
"哑","yǎ","Archive","6","2368","0","0","0",""
"坟","fén","Archive","6","2370","0","0","0",""
"眨","zhǎ","Archive","6","2371","0","0","0",""
"搏","bó","Archive","6","2372","0","0","0",""
"拢","lǒng","Archive","6","2374","0","0","0",""
"昧","mèi","Archive","6","2376","0","0","0",""
"擅","shàn","Archive","6","2377","0","0","0",""
"爽","shuǎng","Archive","6","2378","0","0","0",""
"搁","gē","Archive","6","2380","0","0","0",""
"雌","cí","Archive","6","2382","0","0","0",""
"哨","shào","Archive","6","2383","0","0","0",""
"巩","gǒng","Archive","6","2384","0","0","0",""
"昔","xī","Archive","6","2388","0","0","0",""
"谬","miù","Archive","6","2390","0","0","0",""
"谍","dié","Archive","6","2391","0","0","0",""
"媳","xí","Archive","6","2393","0","0","0",""
"冤","yuān","Archive","6","2396","0","0","0",""
"鸦","yā","Archive","6","2397","0","0","0",""
"蓬","péng","Archive","6","2398","0","0","0",""
"巷","xiàng","Archive","6","2399","0","0","0",""
"栽","zāi","Archive","6","2401","0","0","0",""
"沾","zhān","Archive","6","2402","0","0","0",""
"诈","zhà","Archive","6","2403","0","0","0",""
"瞒","mán","Archive","6","2405","0","0","0",""
"纺","fǎng","Archive","6","2409","0","0","0",""
"罐","guàn","Archive","6","2410","0","0","0",""
"壤","rǎng","Archive","6","2412","0","0","0",""
"颂","sòng","Archive","6","2414","0","0","0",""
"膨","péng","Archive","6","2415","0","0","0",""
"谐","xié","Archive","6","2416","0","0","0",""
"隙","xì","Archive","6","2419","0","0","0",""
"绑","bǎng","Archive","6","2421","0","0","0",""
"嘿","hēi","Archive","6","2423","0","0","0",""
"挫","cuò","Archive","6","2426","0","0","0",""
"辐","fú","Archive","6","2428","0","0","0",""
"乞","qǐ","Archive","6","2429","0","0","0",""
"哇","wa","Archive","6","2433","0","0","0",""
"绣","xiù","Archive","6","2434","0","0","0",""
"杖","zhàng","Archive","6","2435","0","0","0",""
"衍","yǎn","Archive","6","2437","0","0","0",""
"攀","pān","Archive","6","2439","0","0","0",""
"譬","pì","Archive","6","2441","0","0","0",""
"肆","sì","Archive","6","2445","0","0","0",""
"泣","qì","Archive","6","2449","0","0","0",""
"屡","lǚ","Archive","6","2450","0","0","0",""
"躁","zào","Archive","6","2451","0","0","0",""
"椎","chuí","Archive","6","2455","0","0","0",""
"砸","zá","Archive","6","2456","0","0","0",""
"帆","fān","Archive","6","2459","0","0","0",""
"窜","cuàn","Archive","6","2461","0","0","0",""
"丸","wán","Archive","6","2462","0","0","0",""
"斩","zhǎn","Archive","6","2463","0","0","0",""
"堤","dī","Archive","6","2464","0","0","0",""
"塌","tā","Archive","6","2465","0","0","0",""
"贩","fàn","Archive","6","2466","0","0","0",""
"掀","xiān","Archive","6","2468","0","0","0",""
"谜","mí","Archive","6","2471","0","0","0",""
"捏","niē","Archive","6","2472","0","0","0",""
"滨","bīn","Archive","6","2474","0","0","0",""
"虏","lǔ","Archive","6","2475","0","0","0",""
"卸","xiè","Archive","6","2479","0","0","0",""
"沼","zhǎo","Archive","6","2480","0","0","0",""
"株","zhū","Archive","6","2482","0","0","0",""
"剖","pōu","Archive","6","2484","0","0","0",""
"劈","pī","Archive","6","2487","0","0","0",""
"哗","huā","Archive","6","2486","0","0","0",""
"怯","qiè","Archive","6","2488","0","0","0",""
"沫","mò","Archive","6","2495","0","0","0",""
"竖","shù","Archive","6","2505","0","0","0",""
"峻","jùn","Archive","6","2506","0","0","0",""
"捞","lāo","Archive","6","2508","0","0","0",""
"鄙","bǐ","Archive","6","2510","0","0","0",""
"魄","pò","Archive","6","2511","0","0","0",""
"兜","dōu","Archive","6","2512","0","0","0",""
"哄","hōng","Archive","6","2513","0","0","0",""
"颖","yǐng","Archive","6","2514","0","0","0",""
"屑","xiè","Archive","6","2516","0","0","0",""
"蚁","yǐ","Archive","6","2517","0","0","0",""
"渗","shèn","Archive","6","2520","0","0","0",""
"秃","tū","Archive","6","2521","0","0","0",""
"旱","hàn","Archive","6","2523","0","0","0",""
"谴","qiǎn","Archive","6","2527","0","0","0",""
"稻","dào","Archive","6","2529","0","0","0",""
"铸","zhù","Archive","6","2530","0","0","0",""
"恍","huǎng","Archive","6","2535","0","0","0",""
"贬","biǎn","Archive","6","2536","0","0","0",""
"烛","zhú","Archive","6","2537","0","0","0",""
"朽","xiǔ","Archive","6","2544","0","0","0",""
"佣","yōng","Archive","6","2546","0","0","0",""
"碌","lù","Archive","6","2548","0","0","0",""
"迄","qì","Archive","6","2549","0","0","0",""
"绅","shēn","Archive","6","2554","0","0","0",""
"榜","bǎng","Archive","6","2556","0","0","0",""
"诵","sòng","Archive","6","2557","0","0","0",""
"禽","qín","Archive","6","2562","0","0","0",""
"瞄","miáo","Archive","6","2565","0","0","0",""
"幢","chuáng","Archive","6","2566","0","0","0",""
"睹","dǔ","Archive","6","2568","0","0","0",""
"贿","huì","Archive","6","2569","0","0","0",""
"蔑","miè","Archive","6","2575","0","0","0",""
"缚","fù","Archive","6","2577","0","0","0",""
"淹","yān","Archive","6","2580","0","0","0",""
"篷","péng","Archive","6","2579","0","0","0",""
"勘","kān","Archive","6","2585","0","0","0",""
"灿","càn","Archive","6","2591","0","0","0",""
"敞","chǎng","Archive","6","2592","0","0","0",""
"蜡","là","Archive","6","2593","0","0","0",""
"辜","gū","Archive","6","2596","0","0","0",""
"垫","diàn","Archive","6","2597","0","0","0",""
"妒","dù","Archive","6","2598","0","0","0",""
"谣","yáo","Archive","6","2600","0","0","0",""
"枕","zhěn","Archive","6","2605","0","0","0",""
"丐","gài","Archive","6","2606","0","0","0",""
"泌","mì","Archive","6","2609","0","0","0",""
"叮","dīng","Archive","6","2611","0","0","0",""
"掷","zhì","Archive","6","2614","0","0","0",""
"侮","wǔ","Archive","6","2621","0","0","0",""
"蚀","shí","Archive","6","2625","0","0","0",""
"霜","shuāng","Archive","6","2631","0","0","0",""
"蕴","yùn","Archive","6","2633","0","0","0",""
"妆","zhuāng","Archive","6","2639","0","0","0",""
"捆","kǔn","Archive","6","2640","0","0","0",""
"丙","bǐng","Archive","6","2645","0","0","0",""
"钞","chāo","Archive","6","2647","0","0","0",""
"犬","quǎn","Archive","6","2649","0","0","0",""
"躬","gōng","Archive","6","2650","0","0","0",""
"昼","zhòu","Archive","6","2651","0","0","0",""
"奠","diàn","Archive","6","2656","0","0","0",""
"蹈","dǎo","Archive","6","2659","0","0","0",""
"陋","lòu","Archive","6","2660","0","0","0",""
"侣","lǚ","Archive","6","2661","0","0","0",""
"侄","zhí","Archive","6","2664","0","0","0",""
"虐","nüè","Archive","6","2665","0","0","0",""
"堕","duò","Archive","6","2666","0","0","0",""
"茎","jīng","Archive","6","2675","0","0","0",""
"喇","lǎ","Archive","6","2677","0","0","0",""
"绒","róng","Archive","6","2678","0","0","0",""
"搅","jiǎo","Archive","6","2679","0","0","0",""
"缔","dì","Archive","6","2688","0","0","0",""
"嫉","jí","Archive","6","2690","0","0","0",""
"灶","zào","Archive","6","2691","0","0","0",""
"鸽","gē","Archive","6","2694","0","0","0",""
"纬","wěi","Archive","6","2697","0","0","0",""
"沸","fèi","Archive","6","2698","0","0","0",""
"畴","chóu","Archive","6","2699","0","0","0",""
"遏","è","Archive","6","2701","0","0","0",""
"烁","shuò","Archive","6","2702","0","0","0",""
"嗅","xiù","Archive","6","2703","0","0","0",""
"叭","bā","Archive","6","2704","0","0","0",""
"奢","shē","Archive","6","2708","0","0","0",""
"拙","zhuō","Archive","6","2709","0","0","0",""
"栋","dòng","Archive","6","2710","0","0","0",""
"泻","xiè","Archive","6","2715","0","0","0",""
"晤","wù","Archive","6","2719","0","0","0",""
"稚","zhì","Archive","6","2720","0","0","0",""
"捣","dǎo","Archive","6","2723","0","0","0",""
"尴","gān","Archive","6","2726","0","0","0",""
"尬","gà","Archive","6","2729","0","0","0",""
"诧","chà","Archive","6","2728","0","0","0",""
"嚼","jué","Archive","6","2731","0","0","0",""
"旷","kuàng","Archive","6","2735","0","0","0",""
"芽","yá","Archive","6","2737","0","0","0",""
"碳","tàn","Archive","6","2740","0","0","0",""
"惕","tì","Archive","6","2742","0","0","0",""
"汹","xiōng","Archive","6","2746","0","0","0",""
"腥","xīng","Archive","6","2747","0","0","0",""
"澄","chéng","Archive","6","2756","0","0","0",""
"萎","wēi","Archive","6","2757","0","0","0",""
"滔","tāo","Archive","6","2760","0","0","0",""
"酿","niàng","Archive","6","2764","0","0","0",""
"诫","jiè","Archive","6","2770","0","0","0",""
"棕","zōng","Archive","6","2774","0","0","0",""
"喧","xuān","Archive","6","2778","0","0","0",""
"伺","cì","Archive","6","2782","0","0","0",""
"梢","shāo","Archive","6","2785","0","0","0",""
"坝","bà","Archive","6","2786","0","0","0",""
"敷","fū","Archive","6","2788","0","0","0",""
"庇","bì","Archive","6","2793","0","0","0",""
"挠","náo","Archive","6","2794","0","0","0",""
"搂","lǒu","Archive","6","2795","0","0","0",""
"噪","zào","Archive","6","2799","0","0","0",""
"稼","jià","Archive","6","2800","0","0","0",""
"寝","qǐn","Archive","6","2806","0","0","0",""
"哺","bǔ","Archive","6","2810","0","0","0",""
"帜","zhì","Archive","6","2813","0","0","0",""
"揉","róu","Archive","6","2818","0","0","0",""
"腻","nì","Archive","6","2819","0","0","0",""
"瘫","tān","Archive","6","2823","0","0","0",""
"觅","mì","Archive","6","2825","0","0","0",""
"僻","pì","Archive","6","2827","0","0","0",""
"蔓","màn","Archive","6","2829","0","0","0",""
"咋","zǎ","Archive","6","2830","0","0","0",""
"嵌","qiàn","Archive","6","2831","0","0","0",""
"畔","pàn","Archive","6","2833","0","0","0",""
"涩","sè","Archive","6","2836","0","0","0",""
"蹦","bèng","Archive","6","2839","0","0","0",""
"叨","dāo","Archive","6","2844","0","0","0",""
"呕","ǒu","Archive","6","2855","0","0","0",""
"凸","tū","Archive","6","2857","0","0","0",""
"熄","xī","Archive","6","2858","0","0","0",""
"裳","shang","Archive","6","2861","0","0","0",""
"凹","āo","Archive","6","2862","0","0","0",""
"膛","táng","Archive","6","2865","0","0","0",""
"聋","lóng","Archive","6","2873","0","0","0",""
"沮","jǔ","Archive","6","2878","0","0","0",""
"萌","méng","Archive","6","2879","0","0","0",""
"撇","piē","Archive","6","2882","0","0","0",""
"苟","gǒu","Archive","6","2886","0","0","0",""
"蚂","mǎ","Archive","6","2888","0","0","0",""
"俭","jiǎn","Archive","6","2891","0","0","0",""
"帖","tiē","Archive","6","2892","0","0","0",""
"煎","jiān","Archive","6","2893","0","0","0",""
"墅","shù","Archive","6","2901","0","0","0",""
"伶","líng","Archive","6","2906","0","0","0",""
"歹","dǎi","Archive","6","2905","0","0","0",""
"廓","kuò","Archive","6","2911","0","0","0",""
"讳","huì","Archive","6","2912","0","0","0",""
"瓣","bàn","Archive","6","2915","0","0","0",""
"枉","wǎng","Archive","6","2918","0","0","0",""
"琢","zuó","Archive","6","2921","0","0","0",""
"讥","jī","Archive","6","2922","0","0","0",""
"呻","shēn","Archive","6","2929","0","0","0",""
"慷","kāng","Archive","6","2935","0","0","0",""
"锤","chuí","Archive","6","2937","0","0","0",""
"桨","jiǎng","Archive","6","2939","0","0","0",""
"磅","bàng","Archive","6","2941","0","0","0",""
"馈","kuì","Archive","6","2947","0","0","0",""
"溅","jiàn","Archive","6","2949","0","0","0",""
"钙","gài","Archive","6","2951","0","0","0",""
"彰","zhāng","Archive","6","2953","0","0","0",""
"眯","mī","Archive","6","2955","0","0","0",""
"墟","xū","Archive","6","2958","0","0","0",""
"瞻","zhān","Archive","6","2960","0","0","0",""
"悼","dào","Archive","6","2963","0","0","0",""
"拣","jiǎn","Archive","6","2965","0","0","0",""
"渺","miǎo","Archive","6","2966","0","0","0",""
"汰","tài","Archive","6","2969","0","0","0",""
"镶","xiāng","Archive","6","2974","0","0","0",""
"趴","pā","Archive","6","2977","0","0","0",""
"酌","zhuó","Archive","6","2984","0","0","0",""
"浊","zhuó","Archive","6","2985","0","0","0",""
"撼","hàn","Archive","6","2987","0","0","0",""
"扛","káng","Archive","6","2989","0","0","0",""
"峭","qiào","Archive","6","2990","0","0","0",""
"磕","kē","Archive","6","2991","0","0","0",""
"翘","qiào","Archive","6","2992","0","0","0",""
"熏","xūn","Archive","6","2997","0","0","0",""
"缀","zhuì","Archive","6","3002","0","0","0",""
"徊","huái","Archive","6","3003","0","0","0",""
"肪","fáng","Archive","6","3005","0","0","0",""
"涕","tì","Archive","6","3006","0","0","0",""
"惫","bèi","Archive","6","3007","0","0","0",""
"挚","zhì","Archive","6","3012","0","0","0",""
"绎","yì","Archive","6","3015","0","0","0",""
"睦","mù","Archive","6","3019","0","0","0",""
"窍","qiào","Archive","6","3020","0","0","0",""
"粥","zhōu","Archive","6","3021","0","0","0",""
"沧","cāng","Archive","6","3023","0","0","0",""
"怠","dài","Archive","6","3024","0","0","0",""
"咙","lóng","Archive","6","3027","0","0","0",""
"沛","pèi","Archive","6","3032","0","0","0",""
"崭","zhǎn","Archive","6","3035","0","0","0",""
"鞠","jū","Archive","6","3037","0","0","0",""
"唾","tuò","Archive","6","3040","0","0","0",""
"洽","qià","Archive","6","3039","0","0","0",""
"柬","jiǎn","Archive","6","3047","0","0","0",""
"擎","qíng","Archive","6","3052","0","0","0",""
"疤","bā","Archive","6","3055","0","0","0",""
"钝","dùn","Archive","6","3059","0","0","0",""
"氓","máng","Archive","6","3060","0","0","0",""
"杠","gāng","Archive","6","3066","0","0","0",""
"诬","wū","Archive","6","3069","0","0","0",""
"抒","shū","Archive","6","3071","0","0","0",""
"侈","chǐ","Archive","6","3081","0","0","0",""
"徘","pái","Archive","6","3084","0","0","0",""
"嗦","suo","Archive","6","3089","0","0","0",""
"狈","bèi","Archive","6","3090","0","0","0",""
"搓","cuō","Archive","6","3098","0","0","0",""
"赁","lìn","Archive","6","3101","0","0","0",""
"婪","lán","Archive","6","3112","0","0","0",""
"紊","wěn","Archive","6","3113","0","0","0",""
"兢","jīng","Archive","6","3117","0","0","0",""
"扒","bā","Archive","6","3121","0","0","0",""
"痪","huàn","Archive","6","3128","0","0","0",""
"宵","xiāo","Archive","6","3131","0","0","0",""
"岔","chà","Archive","6","3134","0","0","0",""
"韧","rèn","Archive","6","3137","0","0","0",""
"憋","biē","Archive","6","3141","0","0","0",""
"衅","xìn","Archive","6","3146","0","0","0",""
"隘","ài","Archive","6","3152","0","0","0",""
"濒","bīn","Archive","6","3153","0","0","0",""
"剔","tī","Archive","6","3156","0","0","0",""
"淀","diàn","Archive","6","3159","0","0","0",""
"缉","jī","Archive","6","3165","0","0","0",""
"斟","zhēn","Archive","6","3167","0","0","0",""
"拧","níng","Archive","6","3178","0","0","0",""
"蔚","wèi","Archive","6","3188","0","0","0",""
"眶","kuàng","Archive","6","3191","0","0","0",""
"瀑","pù","Archive","6","3195","0","0","0",""
"渣","zhā","Archive","6","3196","0","0","0",""
"辙","zhé","Archive","6","3208","0","0","0",""
"潇","xiāo","Archive","6","3216","0","0","0",""
"阱","jǐng","Archive","6","3224","0","0","0",""
"哆","duō","Archive","6","3231","0","0","0",""
"辫","biàn","Archive","6","3240","0","0","0",""
"拽","zhuāi","Archive","6","3248","0","0","0",""
"滤","lǜ","Archive","6","3249","0","0","0",""
"睬","cǎi","Archive","6","3250","0","0","0",""
"谤","bàng","Archive","6","3253","0","0","0",""
"捍","hàn","Archive","6","3255","0","0","0",""
"瘾","yǐn","Archive","6","3258","0","0","0",""
"磋","cuō","Archive","6","3261","0","0","0",""
"淆","xiáo","Archive","6","3263","0","0","0",""
"烘","hōng","Archive","6","3266","0","0","0",""
"赂","lù","Archive","6","3270","0","0","0",""
"炫","xuàn","Archive","6","3292","0","0","0",""
"迸","bèng","Archive","6","3290","0","0","0",""
"嗨","hāi","Archive","6","3294","0","0","0",""
"惰","duò","Archive","6","3310","0","0","0",""
"椭","tuǒ","Archive","6","3312","0","0","0",""
"侃","kǎn","Archive","6","3315","0","0","0",""
"瞩","zhǔ","Archive","6","3320","0","0","0",""
"蕾","lěi","Archive","6","3329","0","0","0",""
"炊","chuī","Archive","6","3333","0","0","0",""
"隧","suì","Archive","6","3342","0","0","0",""
"啃","kěn","Archive","6","3345","0","0","0",""
"舔","tiǎn","Archive","6","3348","0","0","0",""
"蹬","dēng","Archive","6","3349","0","0","0",""
"袱","fú","Archive","6","3352","0","0","0",""
"殴","ōu","Archive","6","3354","0","0","0",""
"侥","jiǎo","Archive","6","3359","0","0","0",""
"酝","yùn","Archive","6","3362","0","0","0",""
"澈","chè","Archive","6","3365","0","0","0",""
"锈","xiù","Archive","6","3366","0","0","0",""
"稠","chóu","Archive","6","3367","0","0","0",""
"搀","chān","Archive","6","3384","0","0","0",""
"筛","shāi","Archive","6","3388","0","0","0",""
"痹","bì","Archive","6","3391","0","0","0",""
"甭","béng","Archive","6","3396","0","0","0",""
"唠","láo","Archive","6","3399","0","0","0",""
"徙","xǐ","Archive","6","3411","0","0","0",""
"筐","kuāng","Archive","6","3419","0","0","0",""
"曝","pù","Archive","6","3431","0","0","0",""
"嘈","cáo","Archive","6","3446","0","0","0",""
"蔼","ǎi","Archive","6","3460","0","0","0",""
"烹","pēng","Archive","6","3461","0","0","0",""
"沐","mù","Archive","6","3464","0","0","0",""
"掐","qiā","Archive","6","3494","0","0","0",""
"咀","jǔ","Archive","6","3498","0","0","0",""
"吝","lìn","Archive","6","3507","0","0","0",""
"肴","yáo","Archive","6","3513","0","0","0",""
"溉","gài","Archive","6","3524","0","0","0",""
"疙","gē","Archive","6","3527","0","0","0",""
"揍","zòu","Archive","6","3540","0","0","0",""
"倔","jué","Archive","6","3542","0","0","0",""
"诽","fěi","Archive","6","3541","0","0","0",""
"攒","zǎn","Archive","6","3548","0","0","0",""
"瘩","da","Archive","6","3549","0","0","0",""
"殃","yāng","Archive","6","3562","0","0","0",""
"俐","lì","Archive","6","3564","0","0","0",""
"拌","bàn","Archive","6","3570","0","0","0",""
"橙","chéng","Archive","6","3571","0","0","0",""
"簸","bǒ","Archive","6","3586","0","0","0",""
"惋","wǎn","Archive","6","3592","0","0","0",""
"惮","dàn","Archive","6","3601","0","0","0",""
"捎","shāo","Archive","6","3603","0","0","0",""
"唆","suō","Archive","6","3654","0","0","0",""
"榨","zhà","Archive","6","3657","0","0","0",""
"蹋","tà","Archive","6","3678","0","0","0",""
"叼","diāo","Archive","6","3703","0","0","0",""
"秤","chèng","Archive","6","3737","0","0","0",""
"惦","diàn","Archive","6","3752","0","0","0",""
"藐","miǎo","Archive","6","3755","0","0","0",""
"馅","xiàn","Archive","6","3765","0","0","0",""
"暧","ài","Archive","6","3802","0","0","0",""
"辕","yuán","Archive","6","3831","0","0","0",""
"馋","chán","Archive","6","3844","0","0","0",""
"啬","sè","Archive","6","3860","0","0","0",""
"踊","yǒng","Archive","6","3884","0","0","0",""
"暄","xuān","Archive","6","3886","0","0","0",""
"晾","liàng","Archive","6","3909","0","0","0",""
"瘸","qué","Archive","6","3943","0","0","0",""
"挎","kuà","Archive","6","4005","0","0","0",""
"阂","hé","Archive","6","4004","0","0","0",""
"雹","báo","Archive","6","4037","0","0","0",""
"酗","xù","Archive","6","4193","0","0","0",""
"拄","zhǔ","Archive","6","4240","0","0","0",""
"掰","bāi","Archive","6","4253","0","0","0",""
"荤","hūn","Archive","6","4295","0","0","0",""
"饪","rèn","Archive","6","4491","0","0","0",""
"熨","yùn","Archive","6","4498","0","0","0",""
"涮","shuàn","Archive","6","4527","0","0","0",""
"锲","qiè","Archive","6","4771","0","0","0",""
"啰","luō","Archive","6","","0","0","0",""